pool,target,experiment,setting,method,model,seed,n_features,mean_jaccard,runtime_s,test_mcc,test_f1,test_auc_roc
nasa,mw1,shap,0.01,AEFS,lightgbm,42,6.0,0.7778,,-0.0539,0.0,0.5872
nasa,mw1,shap,0.02,AEFS,lightgbm,42,6.0,0.7778,,-0.0539,0.0,0.5872
nasa,mw1,shap,0.03,AEFS,lightgbm,42,6.0,0.7778,,-0.0539,0.0,0.5872
nasa,mw1,shap,0.05,AEFS,lightgbm,42,6.0,0.7778,,-0.0539,0.0,0.5872
nasa,mw1,stability,0.2,AEFS,lightgbm,42,6.0,0.7778,,-0.0539,0.0,0.5872
nasa,mw1,stability,0.3,AEFS,lightgbm,42,6.0,0.7778,,-0.0539,0.0,0.5872
nasa,mw1,stability,0.4,AEFS,lightgbm,42,5.0,0.7778,,-0.0583,0.0,0.6093
nasa,mw1,stability,0.5,AEFS,lightgbm,42,5.0,0.7778,,-0.0583,0.0,0.6093
nasa,mw1,convergence,original,AEFS,lightgbm,42,37.0,,,,,
nasa,mw1,convergence,after_rup,AEFS,lightgbm,42,24.0,,,,,
nasa,mw1,convergence,after_sfs,AEFS,lightgbm,42,6.0,,,,,
nasa,mw1,convergence,after_shap,AEFS,lightgbm,42,6.0,,,,,
nasa,mw1,convergence,after_stability,AEFS,lightgbm,42,6.0,0.7778,,,,
nasa,mw1,runtime,AEFS.rup,AEFS,lightgbm,42,,,0.083,,,
nasa,mw1,runtime,AEFS.sfs,AEFS,lightgbm,42,,,22.324,,,
nasa,mw1,runtime,AEFS.shap,AEFS,lightgbm,42,,,0.318,,,
nasa,mw1,runtime,AEFS.stability,AEFS,lightgbm,42,,,0.24,,,
nasa,mw1,runtime,AEFS.fit_predict,AEFS,lightgbm,42,,,0.394,,,
nasa,mw1,runtime,AEFS.total,AEFS,lightgbm,42,6.0,,23.359,,,
nasa,mw1,runtime,AllFeatures.pipeline,AllFeatures,lightgbm,42,37.0,,0.96,,,
nasa,mw1,runtime,FilterMI.pipeline,FilterMI,lightgbm,42,6.0,,1.294,,,
nasa,mw1,runtime,WrapperRFE.pipeline,WrapperRFE,lightgbm,42,6.0,,0.883,,,
