pool,method,model,n,mcc_mean,mcc_lo,mcc_hi,f1_mean,f1_lo,f1_hi,auc_mean,auc_lo,auc_hi,nfeat_mean,nfeat_lo,nfeat_hi
aeeem,AEFS,lightgbm,5,0.303,0.2423,0.3638,0.3642,0.3099,0.4177,0.7064,0.6664,0.7498,6.6,5.6,7.8
aeeem,AEFS,random_forest,5,0.2606,0.1946,0.3265,0.3561,0.2799,0.4323,0.7237,0.6991,0.7596,6.6,5.6,7.8
aeeem,AEFS,svm,5,0.2904,0.2352,0.335,0.4369,0.3448,0.5302,0.7333,0.7165,0.7505,6.6,5.6,7.8
aeeem,Ablation_no2D,lightgbm,5,0.2836,0.2178,0.3525,0.353,0.2871,0.4393,0.7017,0.6618,0.7428,7.8,6.0,9.6
aeeem,Ablation_no2D,random_forest,5,0.2497,0.1989,0.2973,0.3536,0.2844,0.4258,0.7192,0.7031,0.7403,7.8,6.0,9.6
aeeem,Ablation_no2D,svm,5,0.2824,0.237,0.3186,0.4291,0.342,0.5176,0.7202,0.6913,0.7491,7.8,6.0,9.6
aeeem,AllFeatures,lightgbm,5,0.3089,0.2485,0.3814,0.389,0.3288,0.4642,0.7177,0.6666,0.7602,61.0,61.0,61.0
aeeem,AllFeatures,random_forest,5,0.304,0.254,0.3666,0.3904,0.3446,0.4501,0.7411,0.7047,0.7728,61.0,61.0,61.0
aeeem,AllFeatures,svm,5,0.2358,0.1751,0.2842,0.3854,0.3212,0.4861,0.7123,0.6697,0.748,61.0,61.0,61.0
aeeem,BorutaSHAP,lightgbm,5,0.3131,0.2561,0.3832,0.3883,0.3237,0.4683,0.7163,0.663,0.7599,61.0,61.0,61.0
aeeem,BorutaSHAP,random_forest,5,0.3125,0.2726,0.368,0.3903,0.3463,0.449,0.7385,0.7034,0.7701,61.0,61.0,61.0
aeeem,BorutaSHAP,svm,5,0.2358,0.1751,0.2842,0.3854,0.3212,0.4861,0.7123,0.6698,0.748,61.0,61.0,61.0
aeeem,FilterMI,lightgbm,5,0.216,0.0898,0.3434,0.3682,0.3166,0.455,0.6649,0.5809,0.7515,6.6,5.6,7.8
aeeem,FilterMI,random_forest,5,0.2189,0.114,0.347,0.3763,0.3103,0.4777,0.6854,0.6193,0.759,6.6,5.6,7.8
aeeem,FilterMI,svm,5,0.2885,0.2207,0.3611,0.4177,0.3363,0.5039,0.7465,0.7081,0.7854,6.6,5.6,7.8
aeeem,WrapperRFE,lightgbm,5,0.2514,0.1993,0.3166,0.3669,0.2973,0.4362,0.692,0.6524,0.7272,6.6,5.6,7.8
aeeem,WrapperRFE,random_forest,5,0.2579,0.1884,0.3491,0.3941,0.3061,0.4934,0.7041,0.6692,0.744,6.6,5.6,7.8
aeeem,WrapperRFE,svm,5,0.2773,0.2259,0.3384,0.4204,0.3339,0.507,0.7306,0.6889,0.7724,6.6,5.6,7.8
nasa,AEFS,lightgbm,4,0.0049,-0.0355,0.0467,0.0744,0.0263,0.1165,0.6309,0.5646,0.6972,8.0,6.0,10.0
nasa,AEFS,random_forest,4,0.0396,-0.0379,0.1285,0.1245,0.0413,0.2018,0.6661,0.6048,0.7345,8.0,6.0,10.0
nasa,AEFS,svm,4,0.142,0.0241,0.2599,0.2766,0.1858,0.3673,0.6215,0.5103,0.7327,8.0,6.0,10.0
nasa,Ablation_no2D,lightgbm,4,0.0049,-0.0355,0.0467,0.0744,0.0263,0.1165,0.6309,0.5646,0.6972,8.0,6.0,10.0
nasa,Ablation_no2D,random_forest,4,0.0396,-0.0379,0.1285,0.1245,0.0413,0.2018,0.6661,0.6048,0.7345,8.0,6.0,10.0
nasa,Ablation_no2D,svm,4,0.142,0.0241,0.2599,0.2766,0.1858,0.3673,0.6215,0.5103,0.7327,8.0,6.0,10.0
nasa,AllFeatures,lightgbm,4,0.0288,-0.0334,0.091,0.0945,0.005,0.184,0.664,0.6023,0.7183,37.0,37.0,37.0
nasa,AllFeatures,random_forest,4,0.0338,-0.0279,0.1096,0.1191,0.019,0.2193,0.6865,0.6217,0.7393,37.0,37.0,37.0
nasa,AllFeatures,svm,4,0.1421,0.075,0.2093,0.2759,0.2279,0.3238,0.6608,0.5704,0.7511,37.0,37.0,37.0
nasa,BorutaSHAP,lightgbm,4,0.0345,-0.0334,0.1024,0.0979,0.005,0.1908,0.6642,0.6023,0.7187,37.0,37.0,37.0
nasa,BorutaSHAP,random_forest,4,0.0437,-0.0241,0.1151,0.1276,0.028,0.2272,0.687,0.62,0.7389,37.0,37.0,37.0
nasa,BorutaSHAP,svm,4,0.1421,0.075,0.2093,0.2759,0.2279,0.3238,0.6608,0.5704,0.7511,37.0,37.0,37.0
nasa,FilterMI,lightgbm,4,0.0254,-0.0185,0.0654,0.1116,0.0315,0.1911,0.6299,0.5908,0.6597,8.0,6.0,10.0
nasa,FilterMI,random_forest,4,0.0262,-0.0126,0.0788,0.1175,0.0423,0.1926,0.6406,0.5853,0.683,8.0,6.0,10.0
nasa,FilterMI,svm,4,0.0955,0.0293,0.1617,0.2355,0.1905,0.2896,0.6258,0.5256,0.6935,8.0,6.0,10.0
nasa,WrapperRFE,lightgbm,4,0.0953,0.0321,0.1585,0.1865,0.1164,0.2382,0.6645,0.6239,0.7168,8.0,6.0,10.0
nasa,WrapperRFE,random_forest,4,0.1265,0.0644,0.1885,0.233,0.1486,0.2922,0.672,0.5992,0.7307,8.0,6.0,10.0
nasa,WrapperRFE,svm,4,0.1018,0.0499,0.1537,0.2426,0.2159,0.2798,0.6611,0.5782,0.7107,8.0,6.0,10.0
relink,AEFS,lightgbm,3,0.2276,0.0834,0.4237,0.4913,0.3191,0.5833,0.6451,0.6098,0.7012,5.6667,5.0,6.0
relink,AEFS,random_forest,3,0.2597,0.1291,0.4232,0.505,0.2803,0.6193,0.6671,0.6357,0.7226,5.6667,5.0,6.0
relink,AEFS,svm,3,0.154,-0.0179,0.4343,0.389,0.2179,0.6512,0.6298,0.5895,0.6959,5.6667,5.0,6.0
relink,Ablation_no2D,lightgbm,3,0.2276,0.0834,0.4237,0.4913,0.3191,0.5833,0.6451,0.6098,0.7012,5.6667,5.0,6.0
relink,Ablation_no2D,random_forest,3,0.2597,0.1291,0.4232,0.505,0.2803,0.6193,0.6671,0.6357,0.7226,5.6667,5.0,6.0
relink,Ablation_no2D,svm,3,0.154,-0.0179,0.4343,0.389,0.2179,0.6512,0.6298,0.5895,0.6959,5.6667,5.0,6.0
relink,AllFeatures,lightgbm,3,0.3044,0.1206,0.5027,0.5609,0.381,0.6667,0.7125,0.6404,0.8048,26.0,26.0,26.0
relink,AllFeatures,random_forest,3,0.3311,0.1408,0.471,0.5583,0.339,0.757,0.7562,0.6508,0.8496,26.0,26.0,26.0
relink,AllFeatures,svm,3,0.1893,0.094,0.3509,0.4278,0.2254,0.625,0.6966,0.5992,0.8369,26.0,26.0,26.0
relink,BorutaSHAP,lightgbm,3,0.3044,0.1206,0.5027,0.5609,0.381,0.6667,0.7125,0.6404,0.8048,26.0,26.0,26.0
relink,BorutaSHAP,random_forest,3,0.3311,0.1408,0.471,0.5583,0.339,0.757,0.7562,0.6508,0.8496,26.0,26.0,26.0
relink,BorutaSHAP,svm,3,0.1893,0.094,0.3509,0.4278,0.2254,0.625,0.6966,0.5992,0.8369,26.0,26.0,26.0
relink,FilterMI,lightgbm,3,0.286,0.1727,0.4561,0.5522,0.402,0.7545,0.6955,0.6442,0.7537,5.6667,5.0,6.0
relink,FilterMI,random_forest,3,0.3419,0.2028,0.4371,0.5942,0.4348,0.7477,0.7157,0.6475,0.7691,5.6667,5.0,6.0
relink,FilterMI,svm,3,0.2782,0.1079,0.369,0.5329,0.25,0.7266,0.6693,0.547,0.8115,5.6667,5.0,6.0
relink,WrapperRFE,lightgbm,3,0.2254,0.0421,0.3264,0.5068,0.2629,0.7074,0.6765,0.6282,0.7406,5.6667,5.0,6.0
relink,WrapperRFE,random_forest,3,0.2863,0.0965,0.3824,0.5195,0.2788,0.724,0.7306,0.6487,0.7975,5.6667,5.0,6.0
relink,WrapperRFE,svm,3,0.2019,0.0443,0.4433,0.4499,0.2143,0.6667,0.6985,0.5746,0.8743,5.6667,5.0,6.0
tera,AEFS,lightgbm,68,0.1705,0.1364,0.2047,0.266,0.2303,0.3021,0.6826,0.6557,0.7074,5.0,5.0,5.0
tera,AEFS,random_forest,68,0.165,0.133,0.1966,0.3399,0.3062,0.373,0.635,0.6092,0.6605,5.0,5.0,5.0
tera,Ablation_no2D,lightgbm,68,0.1705,0.1364,0.2047,0.266,0.2303,0.3021,0.6826,0.6557,0.7074,5.0,5.0,5.0
tera,Ablation_no2D,random_forest,68,0.165,0.1329,0.1967,0.34,0.3061,0.373,0.6352,0.6094,0.6607,5.0,5.0,5.0
tera,AllFeatures,lightgbm,68,0.1988,0.1647,0.2336,0.3138,0.2767,0.3514,0.6871,0.6607,0.7119,20.0,20.0,20.0
tera,AllFeatures,random_forest,68,0.2184,0.1797,0.256,0.3939,0.3535,0.432,0.7016,0.672,0.7303,20.0,20.0,20.0
tera,BorutaSHAP,lightgbm,68,0.2049,0.1719,0.2387,0.3244,0.2885,0.3619,0.6931,0.667,0.7171,20.0,20.0,20.0
tera,BorutaSHAP,random_forest,68,0.2115,0.1714,0.2509,0.3886,0.346,0.4291,0.6981,0.6691,0.7259,20.0,20.0,20.0
tera,FilterMI,lightgbm,68,0.2311,0.1973,0.2648,0.3818,0.3468,0.4155,0.6754,0.6507,0.6995,5.0,5.0,5.0
tera,FilterMI,random_forest,68,0.1851,0.1521,0.2184,0.3871,0.3521,0.4208,0.6644,0.637,0.691,5.0,5.0,5.0
tera,WrapperRFE,lightgbm,68,0.1907,0.1513,0.2306,0.3346,0.2984,0.3723,0.6698,0.6452,0.6935,5.0,5.0,5.0
tera,WrapperRFE,random_forest,68,0.1709,0.1349,0.2068,0.3848,0.3506,0.418,0.6565,0.6283,0.6833,5.0,5.0,5.0
