pool,model,test,comparison,n,statistic,p_value,effect_size,effect_name,mean_diff,p_holm,nemenyi_cd
aeeem,lightgbm,wilcoxon,AEFS vs Ablation_no2D,5,0.0,0.25,0.2,cliffs_delta,0.01940000000000003,0.9375,
aeeem,lightgbm,wilcoxon,AEFS vs AllFeatures,5,7.0,1.0,0.04,cliffs_delta,-0.005879999999999941,1.0,
aeeem,lightgbm,wilcoxon,AEFS vs FilterMI,5,2.0,0.1875,0.36,cliffs_delta,0.08708000000000002,0.9375,
aeeem,lightgbm,wilcoxon,AEFS vs WrapperRFE,5,2.0,0.1875,0.52,cliffs_delta,0.05162,0.9375,
aeeem,lightgbm,wilcoxon,AEFS vs BorutaSHAP,5,6.0,0.8125,0.04,cliffs_delta,-0.010079999999999922,1.0,
aeeem,lightgbm,friedman,all 6 methods,5,10.233918128654972,0.06887218777038917,2.4,avg_rank,,,4.768360305178291
aeeem,lightgbm,friedman,all 6 methods,5,10.233918128654972,0.06887218777038917,3.5,avg_rank,,,4.768360305178291
aeeem,lightgbm,friedman,all 6 methods,5,10.233918128654972,0.06887218777038917,3.1,avg_rank,,,4.768360305178291
aeeem,lightgbm,friedman,all 6 methods,5,10.233918128654972,0.06887218777038917,4.8,avg_rank,,,4.768360305178291
aeeem,lightgbm,friedman,all 6 methods,5,10.233918128654972,0.06887218777038917,5.0,avg_rank,,,4.768360305178291
aeeem,lightgbm,friedman,all 6 methods,5,10.233918128654972,0.06887218777038917,2.2,avg_rank,,,4.768360305178291
aeeem,random_forest,wilcoxon,AEFS vs Ablation_no2D,5,1.0,0.5,0.12,cliffs_delta,0.010840000000000016,1.0,
aeeem,random_forest,wilcoxon,AEFS vs AllFeatures,5,5.0,0.625,-0.28,cliffs_delta,-0.04345999999999994,1.0,
aeeem,random_forest,wilcoxon,AEFS vs FilterMI,5,6.0,0.8125,0.28,cliffs_delta,0.04166,1.0,
aeeem,random_forest,wilcoxon,AEFS vs WrapperRFE,5,7.0,1.0,0.04,cliffs_delta,0.00269999999999998,1.0,
aeeem,random_forest,wilcoxon,AEFS vs BorutaSHAP,5,2.0,0.1875,-0.36,cliffs_delta,-0.051919999999999966,0.9375,
aeeem,random_forest,friedman,all 6 methods,5,5.982658959537569,0.30790993634609415,3.8,avg_rank,,,4.768360305178291
aeeem,random_forest,friedman,all 6 methods,5,5.982658959537569,0.30790993634609415,4.0,avg_rank,,,4.768360305178291
aeeem,random_forest,friedman,all 6 methods,5,5.982658959537569,0.30790993634609415,2.8,avg_rank,,,4.768360305178291
aeeem,random_forest,friedman,all 6 methods,5,5.982658959537569,0.30790993634609415,4.4,avg_rank,,,4.768360305178291
aeeem,random_forest,friedman,all 6 methods,5,5.982658959537569,0.30790993634609415,4.0,avg_rank,,,4.768360305178291
aeeem,random_forest,friedman,all 6 methods,5,5.982658959537569,0.30790993634609415,2.0,avg_rank,,,4.768360305178291
aeeem,svm,wilcoxon,AEFS vs Ablation_no2D,5,2.0,0.75,0.28,cliffs_delta,0.008039999999999992,1.0,
aeeem,svm,wilcoxon,AEFS vs AllFeatures,5,3.0,0.3125,0.52,cliffs_delta,0.05467999999999995,1.0,
aeeem,svm,wilcoxon,AEFS vs FilterMI,5,7.0,1.0,0.2,cliffs_delta,0.0019799999999999263,1.0,
aeeem,svm,wilcoxon,AEFS vs WrapperRFE,5,7.0,1.0,0.12,cliffs_delta,0.01315999999999995,1.0,
aeeem,svm,wilcoxon,AEFS vs BorutaSHAP,5,3.0,0.3125,0.52,cliffs_delta,0.05467999999999995,1.0,
aeeem,svm,friedman,all 6 methods,5,2.916666666666664,0.7128316836671247,2.6,avg_rank,,,4.768360305178291
aeeem,svm,friedman,all 6 methods,5,2.916666666666664,0.7128316836671247,2.8,avg_rank,,,4.768360305178291
aeeem,svm,friedman,all 6 methods,5,2.916666666666664,0.7128316836671247,3.9,avg_rank,,,4.768360305178291
aeeem,svm,friedman,all 6 methods,5,2.916666666666664,0.7128316836671247,4.0,avg_rank,,,4.768360305178291
aeeem,svm,friedman,all 6 methods,5,2.916666666666664,0.7128316836671247,3.8,avg_rank,,,4.768360305178291
aeeem,svm,friedman,all 6 methods,5,2.916666666666664,0.7128316836671247,3.9,avg_rank,,,4.768360305178291
nasa,lightgbm,wilcoxon,AEFS vs Ablation_no2D,4,0.0,1.0,0.0,cliffs_delta,0.0,1.0,
nasa,lightgbm,wilcoxon,AEFS vs AllFeatures,4,3.0,0.625,-0.25,cliffs_delta,-0.023975,1.0,
nasa,lightgbm,wilcoxon,AEFS vs FilterMI,4,3.0,0.625,-0.25,cliffs_delta,-0.020575,1.0,
nasa,lightgbm,wilcoxon,AEFS vs WrapperRFE,4,0.0,0.125,-0.75,cliffs_delta,-0.09042500000000002,0.625,
nasa,lightgbm,wilcoxon,AEFS vs BorutaSHAP,4,3.0,0.625,-0.25,cliffs_delta,-0.029650000000000003,1.0,
nasa,lightgbm,friedman,all 6 methods,4,7.105263157894737,0.21292873416913477,4.75,avg_rank,,,5.331188891795151
nasa,lightgbm,friedman,all 6 methods,4,7.105263157894737,0.21292873416913477,4.75,avg_rank,,,5.331188891795151
nasa,lightgbm,friedman,all 6 methods,4,7.105263157894737,0.21292873416913477,3.125,avg_rank,,,5.331188891795151
nasa,lightgbm,friedman,all 6 methods,4,7.105263157894737,0.21292873416913477,3.5,avg_rank,,,5.331188891795151
nasa,lightgbm,friedman,all 6 methods,4,7.105263157894737,0.21292873416913477,2.0,avg_rank,,,5.331188891795151
nasa,lightgbm,friedman,all 6 methods,4,7.105263157894737,0.21292873416913477,2.875,avg_rank,,,5.331188891795151
nasa,random_forest,wilcoxon,AEFS vs Ablation_no2D,4,0.0,1.0,0.0,cliffs_delta,0.0,1.0,
nasa,random_forest,wilcoxon,AEFS vs AllFeatures,4,4.0,0.875,0.125,cliffs_delta,0.005725000000000001,1.0,
nasa,random_forest,wilcoxon,AEFS vs FilterMI,4,3.0,0.625,0.125,cliffs_delta,0.013349999999999997,1.0,
nasa,random_forest,wilcoxon,AEFS vs WrapperRFE,4,3.0,0.625,-0.5,cliffs_delta,-0.0869,1.0,
nasa,random_forest,wilcoxon,AEFS vs BorutaSHAP,4,5.0,1.0,-0.125,cliffs_delta,-0.004174999999999998,1.0,
nasa,random_forest,friedman,all 6 methods,4,4.6296296296296235,0.46272894318422164,3.25,avg_rank,,,5.331188891795151
nasa,random_forest,friedman,all 6 methods,4,4.6296296296296235,0.46272894318422164,3.25,avg_rank,,,5.331188891795151
nasa,random_forest,friedman,all 6 methods,4,4.6296296296296235,0.46272894318422164,4.125,avg_rank,,,5.331188891795151
nasa,random_forest,friedman,all 6 methods,4,4.6296296296296235,0.46272894318422164,4.5,avg_rank,,,5.331188891795151
nasa,random_forest,friedman,all 6 methods,4,4.6296296296296235,0.46272894318422164,2.0,avg_rank,,,5.331188891795151
nasa,random_forest,friedman,all 6 methods,4,4.6296296296296235,0.46272894318422164,3.875,avg_rank,,,5.331188891795151
nasa,svm,wilcoxon,AEFS vs Ablation_no2D,4,0.0,1.0,0.0,cliffs_delta,0.0,1.0,
nasa,svm,wilcoxon,AEFS vs AllFeatures,4,5.0,1.0,0.0,cliffs_delta,-0.00014999999999998348,1.0,
nasa,svm,wilcoxon,AEFS vs FilterMI,4,3.0,0.625,0.25,cliffs_delta,0.046475000000000016,1.0,
nasa,svm,wilcoxon,AEFS vs WrapperRFE,4,4.0,0.875,0.125,cliffs_delta,0.04015000000000002,1.0,
nasa,svm,wilcoxon,AEFS vs BorutaSHAP,4,5.0,1.0,0.0,cliffs_delta,-0.00014999999999998348,1.0,
nasa,svm,friedman,all 6 methods,4,2.7272727272727253,0.7419441389609447,3.25,avg_rank,,,5.331188891795151
nasa,svm,friedman,all 6 methods,4,2.7272727272727253,0.7419441389609447,3.25,avg_rank,,,5.331188891795151
nasa,svm,friedman,all 6 methods,4,2.7272727272727253,0.7419441389609447,3.0,avg_rank,,,5.331188891795151
nasa,svm,friedman,all 6 methods,4,2.7272727272727253,0.7419441389609447,4.75,avg_rank,,,5.331188891795151
nasa,svm,friedman,all 6 methods,4,2.7272727272727253,0.7419441389609447,3.75,avg_rank,,,5.331188891795151
nasa,svm,friedman,all 6 methods,4,2.7272727272727253,0.7419441389609447,3.0,avg_rank,,,5.331188891795151
relink,lightgbm,wilcoxon,AEFS vs Ablation_no2D,3,0.0,1.0,0.0,cliffs_delta,0.0,1.0,
relink,lightgbm,wilcoxon,AEFS vs AllFeatures,3,0.0,0.25,-0.3333333333333333,cliffs_delta,-0.07679999999999998,1.0,
relink,lightgbm,wilcoxon,AEFS vs FilterMI,3,2.0,0.75,-0.3333333333333333,cliffs_delta,-0.05843333333333328,1.0,
relink,lightgbm,wilcoxon,AEFS vs WrapperRFE,3,3.0,1.0,0.1111111111111111,cliffs_delta,0.002233333333333337,1.0,
relink,lightgbm,wilcoxon,AEFS vs BorutaSHAP,3,0.0,0.25,-0.3333333333333333,cliffs_delta,-0.07679999999999998,1.0,
relink,lightgbm,friedman,all 6 methods,3,4.898989898989901,0.42833168568519164,4.5,avg_rank,,,6.155926683557346
relink,lightgbm,friedman,all 6 methods,3,4.898989898989901,0.42833168568519164,4.5,avg_rank,,,6.155926683557346
relink,lightgbm,friedman,all 6 methods,3,4.898989898989901,0.42833168568519164,2.5,avg_rank,,,6.155926683557346
relink,lightgbm,friedman,all 6 methods,3,4.898989898989901,0.42833168568519164,2.6666666666666665,avg_rank,,,6.155926683557346
relink,lightgbm,friedman,all 6 methods,3,4.898989898989901,0.42833168568519164,4.333333333333333,avg_rank,,,6.155926683557346
relink,lightgbm,friedman,all 6 methods,3,4.898989898989901,0.42833168568519164,2.5,avg_rank,,,6.155926683557346
relink,random_forest,wilcoxon,AEFS vs Ablation_no2D,3,0.0,1.0,0.0,cliffs_delta,0.0,1.0,
relink,random_forest,wilcoxon,AEFS vs AllFeatures,3,2.0,0.75,-0.3333333333333333,cliffs_delta,-0.07146666666666668,1.0,
relink,random_forest,wilcoxon,AEFS vs FilterMI,3,1.0,0.5,-0.3333333333333333,cliffs_delta,-0.08226666666666671,1.0,
relink,random_forest,wilcoxon,AEFS vs WrapperRFE,3,3.0,1.0,0.1111111111111111,cliffs_delta,-0.026633333333333342,1.0,
relink,random_forest,wilcoxon,AEFS vs BorutaSHAP,3,2.0,0.75,-0.3333333333333333,cliffs_delta,-0.07146666666666668,1.0,
relink,random_forest,friedman,all 6 methods,3,5.303030303030303,0.380027763762367,3.8333333333333335,avg_rank,,,6.155926683557346
relink,random_forest,friedman,all 6 methods,3,5.303030303030303,0.380027763762367,3.8333333333333335,avg_rank,,,6.155926683557346
relink,random_forest,friedman,all 6 methods,3,5.303030303030303,0.380027763762367,2.8333333333333335,avg_rank,,,6.155926683557346
relink,random_forest,friedman,all 6 methods,3,5.303030303030303,0.380027763762367,2.3333333333333335,avg_rank,,,6.155926683557346
relink,random_forest,friedman,all 6 methods,3,5.303030303030303,0.380027763762367,5.333333333333333,avg_rank,,,6.155926683557346
relink,random_forest,friedman,all 6 methods,3,5.303030303030303,0.380027763762367,2.8333333333333335,avg_rank,,,6.155926683557346
relink,svm,wilcoxon,AEFS vs Ablation_no2D,3,0.0,1.0,0.0,cliffs_delta,0.0,1.0,
relink,svm,wilcoxon,AEFS vs AllFeatures,3,2.0,0.75,-0.3333333333333333,cliffs_delta,-0.03526666666666667,1.0,
relink,svm,wilcoxon,AEFS vs FilterMI,3,2.0,0.75,-0.3333333333333333,cliffs_delta,-0.12423333333333333,1.0,
relink,svm,wilcoxon,AEFS vs WrapperRFE,3,0.0,0.25,-0.3333333333333333,cliffs_delta,-0.0479,1.0,
relink,svm,wilcoxon,AEFS vs BorutaSHAP,3,2.0,0.75,-0.3333333333333333,cliffs_delta,-0.03526666666666667,1.0,
relink,svm,friedman,all 6 methods,3,2.8787878787878722,0.7186665785199591,4.5,avg_rank,,,6.155926683557346
relink,svm,friedman,all 6 methods,3,2.8787878787878722,0.7186665785199591,4.5,avg_rank,,,6.155926683557346
relink,svm,friedman,all 6 methods,3,2.8787878787878722,0.7186665785199591,3.1666666666666665,avg_rank,,,6.155926683557346
relink,svm,friedman,all 6 methods,3,2.8787878787878722,0.7186665785199591,3.0,avg_rank,,,6.155926683557346
relink,svm,friedman,all 6 methods,3,2.8787878787878722,0.7186665785199591,2.6666666666666665,avg_rank,,,6.155926683557346
relink,svm,friedman,all 6 methods,3,2.8787878787878722,0.7186665785199591,3.1666666666666665,avg_rank,,,6.155926683557346
tera,lightgbm,wilcoxon,AEFS vs Ablation_no2D,68,0.0,,0.0,cliffs_delta,0.0,,
tera,lightgbm,wilcoxon,AEFS vs AllFeatures,68,589.0,0.010447368665488318,-0.15657439446366783,cliffs_delta,-0.02826323529411759,0.020894737330976635,
tera,lightgbm,wilcoxon,AEFS vs FilterMI,68,355.0,1.6328049307003973e-06,-0.2664359861591695,cliffs_delta,-0.06061911764705877,6.531219722801589e-06,
tera,lightgbm,wilcoxon,AEFS vs WrapperRFE,68,916.0,0.1636191839572987,-0.09083044982698962,cliffs_delta,-0.020219117647058804,0.1636191839572987,
tera,lightgbm,wilcoxon,AEFS vs BorutaSHAP,68,559.0,0.002112797151347519,-0.15765570934256054,cliffs_delta,-0.03440735294117642,0.0063383914540425575,
tera,lightgbm,friedman,all 6 methods,68,39.97746732762507,1.5090739423451615e-07,4.154411764705882,avg_rank,,,1.2930032300582919
tera,lightgbm,friedman,all 6 methods,68,39.97746732762507,1.5090739423451615e-07,4.154411764705882,avg_rank,,,1.2930032300582919
tera,lightgbm,friedman,all 6 methods,68,39.97746732762507,1.5090739423451615e-07,3.1544117647058822,avg_rank,,,1.2930032300582919
tera,lightgbm,friedman,all 6 methods,68,39.97746732762507,1.5090739423451615e-07,2.625,avg_rank,,,1.2930032300582919
tera,lightgbm,friedman,all 6 methods,68,39.97746732762507,1.5090739423451615e-07,3.75,avg_rank,,,1.2930032300582919
tera,lightgbm,friedman,all 6 methods,68,39.97746732762507,1.5090739423451615e-07,3.161764705882353,avg_rank,,,1.2930032300582919
tera,random_forest,wilcoxon,AEFS vs Ablation_no2D,68,5.0,1.0,0.0,cliffs_delta,5.882352941188884e-06,1.0,
tera,random_forest,wilcoxon,AEFS vs AllFeatures,68,596.0,0.00042240664409377095,-0.217560553633218,cliffs_delta,-0.05339705882352935,0.0021120332204688547,
tera,random_forest,wilcoxon,AEFS vs FilterMI,68,1004.5,0.3031992400153313,-0.0823961937716263,cliffs_delta,-0.02004705882352939,0.9095977200459938,
tera,random_forest,wilcoxon,AEFS vs WrapperRFE,68,1115.5,0.7253286795266289,-0.03330449826989619,cliffs_delta,-0.0058558823529411275,1.0,
tera,random_forest,wilcoxon,AEFS vs BorutaSHAP,68,599.5,0.0004578163425065498,-0.21280276816608998,cliffs_delta,-0.04647499999999996,0.0021120332204688547,
tera,random_forest,friedman,all 6 methods,68,51.7397914856646,6.100039973837521e-10,4.0,avg_rank,,,1.2930032300582919
tera,random_forest,friedman,all 6 methods,68,51.7397914856646,6.100039973837521e-10,3.985294117647059,avg_rank,,,1.2930032300582919
tera,random_forest,friedman,all 6 methods,68,51.7397914856646,6.100039973837521e-10,2.485294117647059,avg_rank,,,1.2930032300582919
tera,random_forest,friedman,all 6 methods,68,51.7397914856646,6.100039973837521e-10,3.786764705882353,avg_rank,,,1.2930032300582919
tera,random_forest,friedman,all 6 methods,68,51.7397914856646,6.100039973837521e-10,4.0588235294117645,avg_rank,,,1.2930032300582919
tera,random_forest,friedman,all 6 methods,68,51.7397914856646,6.100039973837521e-10,2.6838235294117645,avg_rank,,,1.2930032300582919
