pool,target,defect_rate,n_rows,n_features,src_target_similarity,sim_sources,aefs_mcc,aefs_n_features
aeeem,equinox,0.4868,265,61,0.8733,4,0.322,7
aeeem,jdt,0.2091,985,61,0.8639,4,0.3609,9
aeeem,lucene,0.0934,685,61,0.872,4,0.2468,5
aeeem,mylyn,0.1314,1804,61,0.8754,4,0.2781,6
aeeem,pde,0.1409,1483,61,0.8853,4,0.2157,6
nasa,cm1,0.1284,327,37,0.8358,3,0.0026,9
nasa,mw1,0.1067,253,37,0.8554,3,-0.0293,6
nasa,pc3,0.1244,1077,37,0.8975,3,0.1657,11
nasa,pc4,0.1317,1344,37,0.853,3,0.1096,6
relink,apache,0.5052,194,26,0.626,2,0.1282,6
relink,safe,0.3929,56,26,0.7263,2,0.4271,6
relink,zxing,0.3079,354,26,0.6771,2,0.086,5
tera,ant-1.3,0.16,125,20,0.7824,15,0.2218,5
tera,ant-1.4,0.2203,177,20,0.801,15,-0.0221,5
tera,ant-1.5,0.1103,290,20,0.8186,15,0.2117,5
tera,ant-1.6,0.2651,347,20,0.8209,15,0.3425,5
tera,ant-1.7,0.2293,724,20,0.8271,15,0.2717,5
tera,arc,0.1209,215,20,0.7789,15,0.199,5
tera,berek,0.3721,43,20,0.7236,15,0.5065,5
tera,camel-1.0,0.0398,327,20,0.7961,15,0.0492,5
tera,camel-1.2,0.3693,566,20,0.8171,15,0.1716,5
tera,camel-1.4,0.1796,802,20,0.8254,15,0.1765,5
tera,camel-1.6,0.2081,884,20,0.8299,15,0.1683,5
tera,e-learning,0.0877,57,20,0.7286,15,0.2333,5
tera,forrest-0.7,0.1786,28,20,0.7484,15,0.1164,5
tera,forrest-0.8,0.0645,31,20,0.7437,15,-0.0585,5
tera,intercafe,0.1481,27,20,0.7255,15,0.3762,5
tera,ivy-1.1,0.578,109,20,0.8011,15,0.1331,5
tera,ivy-1.4,0.0678,236,20,0.8322,15,0.093,5
tera,ivy-2.0,0.1159,345,20,0.8252,15,0.2506,5
tera,jedit-3.2,0.3358,268,20,0.8257,15,0.315,5
tera,jedit-4.0,0.2475,303,20,0.8324,15,0.4047,5
tera,jedit-4.1,0.2565,308,20,0.8306,15,0.4704,5
tera,jedit-4.2,0.1322,363,20,0.8328,15,0.4276,5
tera,jedit-4.3,0.0168,476,20,0.839,15,0.1666,5
tera,kalkulator,0.2222,27,20,0.7028,15,0.1907,5
tera,log4j-1.0,0.2519,135,20,0.7928,15,0.1763,5
tera,log4j-1.1,0.3394,109,20,0.7935,15,0.1604,5
tera,log4j-1.2,0.9257,202,20,0.8159,15,0.0066,5
tera,lucene-2.0,0.4715,193,20,0.8104,15,0.1585,5
tera,lucene-2.2,0.5802,243,20,0.8178,15,0.1169,5
tera,lucene-2.4,0.5923,336,20,0.8237,15,0.1453,5
tera,nieruchomosci,0.3846,26,20,0.7296,15,-0.1381,5
tera,pbeans1,0.7692,26,20,0.7299,15,0.0351,5
tera,pbeans2,0.1961,51,20,0.7611,15,0.3478,5
tera,pdftranslator,0.4545,33,20,0.7599,15,0.1641,5
tera,poi-1.5,0.5936,219,20,0.7641,15,0.1139,5
tera,poi-2.0,0.1268,284,20,0.7732,15,0.0621,5
tera,poi-2.5,0.6299,354,20,0.7863,15,0.0225,5
tera,poi-3.0,0.6393,402,20,0.7991,15,0.2106,5
tera,prop-1,0.2354,9333,20,0.8326,15,0.1558,5
tera,prop-2,0.1545,13183,20,0.7724,15,0.1511,5
tera,prop-3,0.2183,4603,20,0.7483,15,0.0731,5
tera,prop-4,0.1836,4024,20,0.7464,15,0.1739,5
tera,prop-5,0.2523,4534,20,0.7284,15,0.0717,5
tera,prop-6,0.1352,429,20,0.7986,15,0.1348,5
tera,redaktor,0.152,171,20,0.7342,15,-0.0421,5
tera,serapion,0.2045,44,20,0.7455,15,0.3069,5
tera,skarbonka,0.2,45,20,0.759,15,0.0899,5
tera,sklebagd,0.6,20,20,0.6913,15,0.3846,5
tera,synapse-1.0,0.1046,153,20,0.7559,15,0.1584,5
tera,synapse-1.1,0.2791,215,20,0.7733,15,0.1336,5
tera,synapse-1.2,0.351,245,20,0.7811,15,0.2096,5
tera,systemdata,0.1429,63,20,0.7475,15,0.21,5
tera,szybkafucha,0.56,25,20,0.7071,15,0.0397,5
tera,termoproject,0.3171,41,20,0.7321,15,0.2216,5
tera,tomcat,0.0967,796,20,0.82,15,0.0995,5
tera,velocity-1.4,0.7374,179,20,0.8104,15,0.0437,5
tera,velocity-1.5,0.6717,198,20,0.8217,15,0.0707,5
tera,velocity-1.6,0.3602,211,20,0.8276,15,0.1616,5
tera,workflow,0.5263,38,20,0.7073,15,0.2641,5
tera,xalan-2.4,0.1585,694,20,0.8205,15,0.1213,5
tera,xalan-2.5,0.4906,744,20,0.8295,15,0.119,5
tera,xalan-2.6,0.4454,732,20,0.8293,15,0.2382,5
tera,xalan-2.7,0.9892,740,20,0.8285,15,0.051,5
tera,xerces-1.2,0.1798,356,20,0.8029,15,0.0791,5
tera,xerces-1.3,0.1896,364,20,0.8089,15,0.049,5
tera,xerces-1.4,0.7714,490,20,0.8044,15,0.0165,5
tera,xerces-init,0.4467,150,20,0.8028,15,0.1843,5
tera,zuzel,0.4483,29,20,0.6975,15,0.4386,5
