file,line,claim,value_tex,value_legacy,value_new,status,note
main.tex,64,"prose MCC (AEFS, FilterMI, AllFeatures, WrapperRFE, BorutaSHAP)",,,,OUT_OF_SCOPE,sensitivity/convergence/runtime or external number
main.tex,113,prose MCC (any),,,,OUT_OF_SCOPE,sensitivity/convergence/runtime or external number
main.tex,277,tab:datasets aeeem,5.0,,,MATCH_DATA,
main.tex,278,tab:datasets tera,68.0,,,MATCH_DATA,
main.tex,279,tab:datasets nasa,4.0,,,MATCH_DATA,
main.tex,280,tab:datasets relink,3.0,,,MATCH_DATA,
main.tex,321,"prose MCC (AEFS, AllFeatures)",0.303,0.31106,0.30304000000000003,MATCH_NEW,
main.tex,321,"prose n_features (AEFS, AllFeatures)",6.6,6.6,6.6,MATCH_BOTH,
main.tex,321,"prose n_features (AEFS, AllFeatures)",61.0,61.0,61.0,MATCH_BOTH,
main.tex,330,"prose MCC (AEFS, FilterMI, AllFeatures)",0.231,0.22093823529411763,0.23111029411764705,MATCH_NEW,
main.tex,348,prose reduction% relink,78.2,61.54,78.21,MATCH_NEW,
main.tex,362,tab:aeeem lightgbm/AEFS/nfeat,6.6,6.6,6.6,MATCH_BOTH,
main.tex,362,tab:aeeem lightgbm/AEFS/jac,0.77,0.7689999999999999,0.76986,MATCH_NEW,
main.tex,362,tab:aeeem lightgbm/AEFS/mcc,0.303,0.28884,0.30304000000000003,MATCH_NEW,
main.tex,362,tab:aeeem lightgbm/AEFS/f1,0.364,0.35878,0.3642,MATCH_NEW,
main.tex,362,tab:aeeem lightgbm/AEFS/auc,0.706,0.71018,0.70636,MATCH_NEW,
main.tex,363,tab:aeeem lightgbm/Ablation_no2D/nfeat,7.8,7.4,7.8,MATCH_NEW,
main.tex,363,tab:aeeem lightgbm/Ablation_no2D/mcc,0.284,0.27596,0.28364,MATCH_NEW,
main.tex,363,tab:aeeem lightgbm/Ablation_no2D/f1,0.353,0.35234,0.35304,MATCH_NEW,
main.tex,363,tab:aeeem lightgbm/Ablation_no2D/auc,0.702,0.71052,0.70174,MATCH_NEW,
main.tex,364,tab:aeeem lightgbm/AllFeatures/nfeat,61.0,61.0,61.0,MATCH_BOTH,
main.tex,364,tab:aeeem lightgbm/AllFeatures/mcc,0.309,0.31256,0.30892,MATCH_NEW,
main.tex,364,tab:aeeem lightgbm/AllFeatures/f1,0.389,0.39156,0.38899999999999996,MATCH_NEW,
main.tex,364,tab:aeeem lightgbm/AllFeatures/auc,0.718,0.72014,0.71774,MATCH_NEW,
main.tex,365,tab:aeeem lightgbm/FilterMI/nfeat,6.6,6.6,6.6,MATCH_BOTH,
main.tex,365,tab:aeeem lightgbm/FilterMI/mcc,0.216,0.21427999999999997,0.21595999999999999,MATCH_NEW,
main.tex,365,tab:aeeem lightgbm/FilterMI/f1,0.368,0.36748000000000003,0.36816,MATCH_NEW,
main.tex,365,tab:aeeem lightgbm/FilterMI/auc,0.665,0.66516,0.6649,MATCH_BOTH,
main.tex,366,tab:aeeem lightgbm/WrapperRFE/nfeat,6.6,6.6,6.6,MATCH_BOTH,
main.tex,366,tab:aeeem lightgbm/WrapperRFE/mcc,0.251,0.22874,0.25142000000000003,MATCH_NEW,
main.tex,366,tab:aeeem lightgbm/WrapperRFE/f1,0.367,0.35078,0.36686,MATCH_NEW,
main.tex,366,tab:aeeem lightgbm/WrapperRFE/auc,0.692,0.6911400000000001,0.69204,MATCH_NEW,
main.tex,367,tab:aeeem lightgbm/MI_DS/nfeat,6.6,,6.6,MATCH_NEW,
main.tex,367,tab:aeeem lightgbm/MI_DS/mcc,0.226,,0.22582,MATCH_NEW,
main.tex,367,tab:aeeem lightgbm/MI_DS/f1,0.372,,0.37239999999999995,MATCH_NEW,
main.tex,367,tab:aeeem lightgbm/MI_DS/auc,0.678,,0.67826,MATCH_NEW,
main.tex,368,tab:aeeem lightgbm/MI_TW/nfeat,6.6,,6.6,MATCH_NEW,
main.tex,368,tab:aeeem lightgbm/MI_TW/mcc,0.212,,0.21181999999999998,MATCH_NEW,
main.tex,368,tab:aeeem lightgbm/MI_TW/f1,0.364,,0.36416,MATCH_NEW,
main.tex,368,tab:aeeem lightgbm/MI_TW/auc,0.667,,0.66664,MATCH_NEW,
main.tex,371,tab:aeeem random_forest/AEFS/nfeat,6.6,6.6,6.6,MATCH_BOTH,
main.tex,371,tab:aeeem random_forest/AEFS/jac,0.77,0.7689999999999999,0.76986,MATCH_NEW,
main.tex,371,tab:aeeem random_forest/AEFS/mcc,0.261,0.25534,0.26056,MATCH_NEW,
main.tex,371,tab:aeeem random_forest/AEFS/f1,0.356,0.35794000000000004,0.35612,MATCH_NEW,
main.tex,371,tab:aeeem random_forest/AEFS/auc,0.724,0.72324,0.7237,MATCH_NEW,
main.tex,372,tab:aeeem random_forest/Ablation_no2D/nfeat,7.8,7.4,7.8,MATCH_NEW,
main.tex,372,tab:aeeem random_forest/Ablation_no2D/mcc,0.25,0.23466,0.24972,MATCH_NEW,
main.tex,372,tab:aeeem random_forest/Ablation_no2D/f1,0.354,0.3498,0.35362,MATCH_NEW,
main.tex,372,tab:aeeem random_forest/Ablation_no2D/auc,0.719,0.71788,0.71922,MATCH_NEW,
main.tex,373,tab:aeeem random_forest/AllFeatures/nfeat,61.0,61.0,61.0,MATCH_BOTH,
main.tex,373,tab:aeeem random_forest/AllFeatures/mcc,0.304,0.31106,0.30402,MATCH_NEW,
main.tex,373,tab:aeeem random_forest/AllFeatures/f1,0.39,0.39246,0.39039999999999997,MATCH_NEW,
main.tex,373,tab:aeeem random_forest/AllFeatures/auc,0.741,0.74148,0.74106,MATCH_BOTH,
main.tex,374,tab:aeeem random_forest/FilterMI/nfeat,6.6,6.6,6.6,MATCH_BOTH,
main.tex,374,tab:aeeem random_forest/FilterMI/mcc,0.219,0.21357999999999996,0.2189,MATCH_NEW,
main.tex,374,tab:aeeem random_forest/FilterMI/f1,0.376,0.37226,0.37628,MATCH_NEW,
main.tex,374,tab:aeeem random_forest/FilterMI/auc,0.685,0.6843,0.68544,MATCH_NEW,
main.tex,375,tab:aeeem random_forest/WrapperRFE/nfeat,6.6,6.6,6.6,MATCH_BOTH,
main.tex,375,tab:aeeem random_forest/WrapperRFE/mcc,0.258,0.25668,0.25786,MATCH_NEW,
main.tex,375,tab:aeeem random_forest/WrapperRFE/f1,0.394,0.38761999999999996,0.39408,MATCH_NEW,
main.tex,375,tab:aeeem random_forest/WrapperRFE/auc,0.704,0.70746,0.7041000000000001,MATCH_NEW,
main.tex,376,tab:aeeem random_forest/MI_DS/nfeat,6.6,,6.6,MATCH_NEW,
main.tex,376,tab:aeeem random_forest/MI_DS/mcc,0.249,,0.24867999999999996,MATCH_NEW,
main.tex,376,tab:aeeem random_forest/MI_DS/f1,0.405,,0.40528000000000003,MATCH_NEW,
main.tex,376,tab:aeeem random_forest/MI_DS/auc,0.707,,0.70658,MATCH_NEW,
main.tex,377,tab:aeeem random_forest/MI_TW/nfeat,6.6,,6.6,MATCH_NEW,
main.tex,377,tab:aeeem random_forest/MI_TW/mcc,0.21,,0.21042,MATCH_NEW,
main.tex,377,tab:aeeem random_forest/MI_TW/f1,0.368,,0.36848000000000003,MATCH_NEW,
main.tex,377,tab:aeeem random_forest/MI_TW/auc,0.681,,0.6808,MATCH_NEW,
main.tex,393,tab:tera lightgbm/AEFS/nfeat,5.0,5.0,5.0,MATCH_BOTH,
main.tex,393,tab:tera lightgbm/AEFS/jac,0.766,0.7706617647058823,0.7665,MATCH_NEW,
main.tex,393,tab:tera lightgbm/AEFS/mcc,0.17,0.15633382352941178,0.17049117647058823,MATCH_NEW,
main.tex,393,tab:tera lightgbm/AEFS/f1,0.266,0.25124705882352943,0.26601470588235293,MATCH_NEW,
main.tex,393,tab:tera lightgbm/AEFS/auc,0.683,0.6738970588235295,0.6826279411764706,MATCH_NEW,
main.tex,394,tab:tera lightgbm/Ablation_no2D/nfeat,5.0,5.0,5.0,MATCH_BOTH,
main.tex,394,tab:tera lightgbm/Ablation_no2D/mcc,0.17,0.15633382352941178,0.17049117647058823,MATCH_NEW,
main.tex,394,tab:tera lightgbm/Ablation_no2D/f1,0.266,0.25124705882352943,0.26601470588235293,MATCH_NEW,
main.tex,394,tab:tera lightgbm/Ablation_no2D/auc,0.683,0.6738970588235295,0.6826279411764706,MATCH_NEW,
main.tex,395,tab:tera lightgbm/AllFeatures/nfeat,20.0,20.0,20.0,MATCH_BOTH,
main.tex,395,tab:tera lightgbm/AllFeatures/mcc,0.199,0.20173382352941177,0.19875441176470587,MATCH_NEW,
main.tex,395,tab:tera lightgbm/AllFeatures/f1,0.314,0.31900588235294114,0.31383088235294115,MATCH_NEW,
main.tex,395,tab:tera lightgbm/AllFeatures/auc,0.687,0.6911999999999999,0.6870676470588235,MATCH_NEW,
main.tex,396,tab:tera lightgbm/FilterMI/nfeat,5.0,5.0,5.0,MATCH_BOTH,
main.tex,396,tab:tera lightgbm/FilterMI/mcc,0.231,0.24567794117647057,0.23111029411764705,MATCH_NEW,
main.tex,396,tab:tera lightgbm/FilterMI/f1,0.382,0.39093970588235294,0.3818220588235294,MATCH_NEW,
main.tex,396,tab:tera lightgbm/FilterMI/auc,0.675,0.6750470588235293,0.6753529411764706,MATCH_BOTH,
main.tex,397,tab:tera lightgbm/WrapperRFE/nfeat,5.0,5.0,5.0,MATCH_BOTH,
main.tex,397,tab:tera lightgbm/WrapperRFE/mcc,0.191,0.1799794117647059,0.19071029411764706,MATCH_NEW,
main.tex,397,tab:tera lightgbm/WrapperRFE/f1,0.335,0.32483088235294116,0.3345573529411765,MATCH_NEW,
main.tex,397,tab:tera lightgbm/WrapperRFE/auc,0.67,0.6661426470588235,0.6697941176470588,MATCH_NEW,
main.tex,398,tab:tera lightgbm/MI_DS/nfeat,5.0,,5.0,MATCH_NEW,
main.tex,398,tab:tera lightgbm/MI_DS/mcc,0.242,,0.2422985294117647,MATCH_NEW,
main.tex,398,tab:tera lightgbm/MI_DS/f1,0.401,,0.4006617647058824,MATCH_NEW,
main.tex,398,tab:tera lightgbm/MI_DS/auc,0.672,,0.6724367647058824,MATCH_NEW,
main.tex,399,tab:tera lightgbm/MI_TW/nfeat,5.0,,5.0,MATCH_NEW,
main.tex,399,tab:tera lightgbm/MI_TW/mcc,0.238,,0.2375279411764706,MATCH_NEW,
main.tex,399,tab:tera lightgbm/MI_TW/f1,0.382,,0.38150588235294114,MATCH_NEW,
main.tex,399,tab:tera lightgbm/MI_TW/auc,0.676,,0.676475,MATCH_NEW,
main.tex,402,tab:tera random_forest/AEFS/nfeat,5.0,5.0,5.0,MATCH_BOTH,
main.tex,402,tab:tera random_forest/AEFS/jac,0.766,0.7706617647058823,0.7665,MATCH_NEW,
main.tex,402,tab:tera random_forest/AEFS/mcc,0.165,0.16863088235294119,0.16500588235294117,MATCH_NEW,
main.tex,402,tab:tera random_forest/AEFS/f1,0.34,0.34434852941176475,0.3398970588235294,MATCH_NEW,
main.tex,402,tab:tera random_forest/AEFS/auc,0.635,0.6326264705882353,0.6349735294117647,MATCH_NEW,
main.tex,403,tab:tera random_forest/Ablation_no2D/nfeat,5.0,5.0,5.0,MATCH_BOTH,
main.tex,403,tab:tera random_forest/Ablation_no2D/mcc,0.165,0.1699,0.165,MATCH_NEW,
main.tex,403,tab:tera random_forest/Ablation_no2D/f1,0.34,0.34546176470588236,0.33996029411764705,MATCH_NEW,
main.tex,403,tab:tera random_forest/Ablation_no2D/auc,0.635,0.6328279411764706,0.6351838235294118,MATCH_NEW,
main.tex,404,tab:tera random_forest/AllFeatures/nfeat,20.0,20.0,20.0,MATCH_BOTH,
main.tex,404,tab:tera random_forest/AllFeatures/mcc,0.218,0.22093823529411763,0.21840294117647058,MATCH_NEW,
main.tex,404,tab:tera random_forest/AllFeatures/f1,0.394,0.3924705882352941,0.39387794117647057,MATCH_NEW,
main.tex,404,tab:tera random_forest/AllFeatures/auc,0.702,0.7000308823529412,0.7016382352941176,MATCH_NEW,
main.tex,405,tab:tera random_forest/FilterMI/nfeat,5.0,5.0,5.0,MATCH_BOTH,
main.tex,405,tab:tera random_forest/FilterMI/mcc,0.185,0.17579999999999998,0.1850529411764706,MATCH_NEW,
main.tex,405,tab:tera random_forest/FilterMI/f1,0.387,0.3783544117647059,0.3871294117647059,MATCH_NEW,
main.tex,405,tab:tera random_forest/FilterMI/auc,0.664,0.6613426470588235,0.664375,MATCH_NEW,
main.tex,406,tab:tera random_forest/WrapperRFE/nfeat,5.0,5.0,5.0,MATCH_BOTH,
main.tex,406,tab:tera random_forest/WrapperRFE/mcc,0.171,0.16855588235294117,0.17086176470588235,MATCH_NEW,
main.tex,406,tab:tera random_forest/WrapperRFE/f1,0.385,0.3820455882352941,0.38479264705882354,MATCH_NEW,
main.tex,406,tab:tera random_forest/WrapperRFE/auc,0.657,0.6576544117647058,0.6565029411764707,MATCH_NEW,
main.tex,407,tab:tera random_forest/MI_DS/nfeat,5.0,,5.0,MATCH_NEW,
main.tex,407,tab:tera random_forest/MI_DS/mcc,0.156,,0.15639264705882353,MATCH_NEW,
main.tex,407,tab:tera random_forest/MI_DS/f1,0.37,,0.3699411764705882,MATCH_NEW,
main.tex,407,tab:tera random_forest/MI_DS/auc,0.644,,0.6435794117647058,MATCH_NEW,
main.tex,408,tab:tera random_forest/MI_TW/nfeat,5.0,,5.0,MATCH_NEW,
main.tex,408,tab:tera random_forest/MI_TW/mcc,0.183,,0.18296911764705884,MATCH_NEW,
main.tex,408,tab:tera random_forest/MI_TW/f1,0.385,,0.38545441176470585,MATCH_NEW,
main.tex,408,tab:tera random_forest/MI_TW/auc,0.663,,0.6626544117647059,MATCH_NEW,
main.tex,424,tab:nasa lightgbm/AEFS/nfeat,8.0,13.75,8.0,MATCH_NEW,
main.tex,424,tab:nasa lightgbm/AEFS/jac,0.694,0.584025,0.694,MATCH_NEW,
main.tex,424,tab:nasa lightgbm/AEFS/mcc,0.005,-0.0015500000000000028,0.00485,MATCH_NEW,
main.tex,424,tab:nasa lightgbm/AEFS/f1,0.074,0.066375,0.074375,MATCH_NEW,
main.tex,424,tab:nasa lightgbm/AEFS/auc,0.631,0.642575,0.6309,MATCH_NEW,
main.tex,425,tab:nasa lightgbm/Ablation_no2D/nfeat,8.0,14.0,8.0,MATCH_NEW,
main.tex,425,tab:nasa lightgbm/Ablation_no2D/mcc,0.005,0.0005250000000000012,0.00485,MATCH_NEW,
main.tex,425,tab:nasa lightgbm/Ablation_no2D/f1,0.074,0.06445000000000001,0.074375,MATCH_NEW,
main.tex,425,tab:nasa lightgbm/Ablation_no2D/auc,0.631,0.641825,0.6309,MATCH_NEW,
main.tex,426,tab:nasa lightgbm/AllFeatures/nfeat,37.0,37.0,37.0,MATCH_BOTH,
main.tex,426,tab:nasa lightgbm/AllFeatures/mcc,0.029,-0.0162,0.028825,MATCH_NEW,
main.tex,426,tab:nasa lightgbm/AllFeatures/f1,0.094,0.041925000000000004,0.094475,MATCH_NEW,
main.tex,426,tab:nasa lightgbm/AllFeatures/auc,0.664,0.65265,0.664,MATCH_NEW,
main.tex,427,tab:nasa lightgbm/FilterMI/nfeat,8.0,13.75,8.0,MATCH_NEW,
main.tex,427,tab:nasa lightgbm/FilterMI/mcc,0.025,0.014775000000000002,0.025425000000000003,MATCH_NEW,
main.tex,427,tab:nasa lightgbm/FilterMI/f1,0.112,0.0722,0.11157500000000001,MATCH_NEW,
main.tex,427,tab:nasa lightgbm/FilterMI/auc,0.63,0.6546000000000001,0.629875,MATCH_NEW,
main.tex,428,tab:nasa lightgbm/WrapperRFE/nfeat,8.0,13.75,8.0,MATCH_NEW,
main.tex,428,tab:nasa lightgbm/WrapperRFE/mcc,0.095,0.03535,0.095275,MATCH_NEW,
main.tex,428,tab:nasa lightgbm/WrapperRFE/f1,0.186,0.090975,0.1865,MATCH_NEW,
main.tex,428,tab:nasa lightgbm/WrapperRFE/auc,0.665,0.6587000000000001,0.664525,MATCH_NEW,
main.tex,429,tab:nasa lightgbm/MI_DS/nfeat,8.0,,8.0,MATCH_NEW,
main.tex,429,tab:nasa lightgbm/MI_DS/mcc,0.032,,0.03195,MATCH_NEW,
main.tex,429,tab:nasa lightgbm/MI_DS/f1,0.116,,0.11627499999999999,MATCH_NEW,
main.tex,429,tab:nasa lightgbm/MI_DS/auc,0.643,,0.643275,MATCH_NEW,
main.tex,430,tab:nasa lightgbm/MI_TW/nfeat,8.0,,8.0,MATCH_NEW,
main.tex,430,tab:nasa lightgbm/MI_TW/mcc,0.03,,0.029675,MATCH_NEW,
main.tex,430,tab:nasa lightgbm/MI_TW/f1,0.115,,0.11465,MATCH_NEW,
main.tex,430,tab:nasa lightgbm/MI_TW/auc,0.631,,0.6305499999999999,MATCH_NEW,
main.tex,433,tab:nasa random_forest/AEFS/nfeat,8.0,13.75,8.0,MATCH_NEW,
main.tex,433,tab:nasa random_forest/AEFS/jac,0.694,0.584025,0.694,MATCH_NEW,
main.tex,433,tab:nasa random_forest/AEFS/mcc,0.04,-0.0204,0.039575,MATCH_NEW,
main.tex,433,tab:nasa random_forest/AEFS/f1,0.125,0.03405,0.12455,MATCH_NEW,
main.tex,433,tab:nasa random_forest/AEFS/auc,0.666,0.695975,0.66605,MATCH_NEW,
main.tex,434,tab:nasa random_forest/Ablation_no2D/nfeat,8.0,14.0,8.0,MATCH_NEW,
main.tex,434,tab:nasa random_forest/Ablation_no2D/mcc,0.04,-0.021475,0.039575,MATCH_NEW,
main.tex,434,tab:nasa random_forest/Ablation_no2D/f1,0.125,0.034025,0.12455,MATCH_NEW,
main.tex,434,tab:nasa random_forest/Ablation_no2D/auc,0.666,0.6950500000000001,0.66605,MATCH_NEW,
main.tex,435,tab:nasa random_forest/AllFeatures/nfeat,37.0,37.0,37.0,MATCH_BOTH,
main.tex,435,tab:nasa random_forest/AllFeatures/mcc,0.034,0.0029749999999999993,0.033850000000000005,MATCH_NEW,
main.tex,435,tab:nasa random_forest/AllFeatures/f1,0.119,0.038325,0.119125,MATCH_NEW,
main.tex,435,tab:nasa random_forest/AllFeatures/auc,0.687,0.6878249999999999,0.686525,MATCH_NEW,
main.tex,436,tab:nasa random_forest/FilterMI/nfeat,8.0,13.75,8.0,MATCH_NEW,
main.tex,436,tab:nasa random_forest/FilterMI/mcc,0.026,-0.007425000000000001,0.026225000000000002,MATCH_NEW,
main.tex,436,tab:nasa random_forest/FilterMI/f1,0.117,0.048775,0.117475,MATCH_NEW,
main.tex,436,tab:nasa random_forest/FilterMI/auc,0.641,0.6920000000000001,0.640575,MATCH_NEW,
main.tex,437,tab:nasa random_forest/WrapperRFE/nfeat,8.0,13.75,8.0,MATCH_NEW,
main.tex,437,tab:nasa random_forest/WrapperRFE/mcc,0.126,-0.009000000000000001,0.126475,MATCH_NEW,
main.tex,437,tab:nasa random_forest/WrapperRFE/f1,0.233,0.03265,0.23302499999999998,MATCH_NEW,
main.tex,437,tab:nasa random_forest/WrapperRFE/auc,0.672,0.69335,0.671975,MATCH_NEW,
main.tex,438,tab:nasa random_forest/MI_DS/nfeat,8.0,,8.0,MATCH_NEW,
main.tex,438,tab:nasa random_forest/MI_DS/mcc,0.054,,0.054275,MATCH_NEW,
main.tex,438,tab:nasa random_forest/MI_DS/f1,0.137,,0.137075,MATCH_NEW,
main.tex,438,tab:nasa random_forest/MI_DS/auc,0.652,,0.652425,MATCH_NEW,
main.tex,439,tab:nasa random_forest/MI_TW/nfeat,8.0,,8.0,MATCH_NEW,
main.tex,439,tab:nasa random_forest/MI_TW/mcc,0.027,,0.026600000000000002,MATCH_NEW,
main.tex,439,tab:nasa random_forest/MI_TW/f1,0.121,,0.12090000000000001,MATCH_NEW,
main.tex,439,tab:nasa random_forest/MI_TW/auc,0.64,,0.64,MATCH_NEW,
main.tex,455,tab:relink lightgbm/AEFS/nfeat,5.7,10.0,5.666666666666667,MATCH_NEW,
main.tex,455,tab:relink lightgbm/AEFS/jac,0.778,0.6166666666666667,0.7778,MATCH_NEW,
main.tex,455,tab:relink lightgbm/AEFS/mcc,0.228,0.30193333333333333,0.2276,MATCH_NEW,
main.tex,455,tab:relink lightgbm/AEFS/f1,0.491,0.5501999999999999,0.4912666666666667,MATCH_NEW,
main.tex,455,tab:relink lightgbm/AEFS/auc,0.645,0.6990333333333334,0.6451,MATCH_NEW,
main.tex,456,tab:relink lightgbm/Ablation_no2D/nfeat,5.7,10.666666666666666,5.666666666666667,MATCH_NEW,
main.tex,456,tab:relink lightgbm/Ablation_no2D/mcc,0.228,0.2992666666666666,0.2276,MATCH_NEW,
main.tex,456,tab:relink lightgbm/Ablation_no2D/f1,0.491,0.5373666666666667,0.4912666666666667,MATCH_NEW,
main.tex,456,tab:relink lightgbm/Ablation_no2D/auc,0.645,0.7148666666666667,0.6451,MATCH_NEW,
main.tex,457,tab:relink lightgbm/AllFeatures/nfeat,26.0,26.0,26.0,MATCH_BOTH,
main.tex,457,tab:relink lightgbm/AllFeatures/mcc,0.304,0.3106333333333333,0.30440000000000006,MATCH_NEW,
main.tex,457,tab:relink lightgbm/AllFeatures/f1,0.561,0.5652666666666667,0.5608666666666666,MATCH_NEW,
main.tex,457,tab:relink lightgbm/AllFeatures/auc,0.713,0.7287666666666667,0.7125,MATCH_NEW,
main.tex,458,tab:relink lightgbm/FilterMI/nfeat,5.7,10.0,5.666666666666667,MATCH_NEW,
main.tex,458,tab:relink lightgbm/FilterMI/mcc,0.286,0.29223333333333334,0.2860333333333333,MATCH_NEW,
main.tex,458,tab:relink lightgbm/FilterMI/f1,0.552,0.539,0.5521666666666666,MATCH_NEW,
main.tex,458,tab:relink lightgbm/FilterMI/auc,0.695,0.6977333333333333,0.6954666666666668,MATCH_NEW,
main.tex,459,tab:relink lightgbm/WrapperRFE/nfeat,5.7,10.0,5.666666666666667,MATCH_NEW,
main.tex,459,tab:relink lightgbm/WrapperRFE/mcc,0.225,0.21820000000000003,0.2253666666666667,MATCH_NEW,
main.tex,459,tab:relink lightgbm/WrapperRFE/f1,0.507,0.4725,0.5067666666666667,MATCH_NEW,
main.tex,459,tab:relink lightgbm/WrapperRFE/auc,0.676,0.6888666666666667,0.6764666666666667,MATCH_NEW,
main.tex,460,tab:relink lightgbm/MI_DS/nfeat,5.7,,5.666666666666667,MATCH_NEW,
main.tex,460,tab:relink lightgbm/MI_DS/mcc,0.304,,0.3045,MATCH_NEW,
main.tex,460,tab:relink lightgbm/MI_DS/f1,0.569,,0.5687333333333333,MATCH_NEW,
main.tex,460,tab:relink lightgbm/MI_DS/auc,0.701,,0.7008333333333333,MATCH_NEW,
main.tex,461,tab:relink lightgbm/MI_TW/nfeat,5.7,,5.666666666666667,MATCH_NEW,
main.tex,461,tab:relink lightgbm/MI_TW/mcc,0.284,,0.28350000000000003,MATCH_NEW,
main.tex,461,tab:relink lightgbm/MI_TW/f1,0.557,,0.5565000000000001,MATCH_NEW,
main.tex,461,tab:relink lightgbm/MI_TW/auc,0.691,,0.6910333333333334,MATCH_NEW,
main.tex,464,tab:relink random_forest/AEFS/nfeat,5.7,10.0,5.666666666666667,MATCH_NEW,
main.tex,464,tab:relink random_forest/AEFS/jac,0.778,0.6166666666666667,0.7778,MATCH_NEW,
main.tex,464,tab:relink random_forest/AEFS/mcc,0.26,0.3234666666666666,0.25966666666666666,MATCH_NEW,
main.tex,464,tab:relink random_forest/AEFS/f1,0.505,0.5528000000000001,0.505,MATCH_NEW,
main.tex,464,tab:relink random_forest/AEFS/auc,0.667,0.7278333333333333,0.6670666666666666,MATCH_NEW,
main.tex,465,tab:relink random_forest/Ablation_no2D/nfeat,5.7,10.666666666666666,5.666666666666667,MATCH_NEW,
main.tex,465,tab:relink random_forest/Ablation_no2D/mcc,0.26,0.3401666666666667,0.25966666666666666,MATCH_NEW,
main.tex,465,tab:relink random_forest/Ablation_no2D/f1,0.505,0.5627333333333334,0.505,MATCH_NEW,
main.tex,465,tab:relink random_forest/Ablation_no2D/auc,0.667,0.741,0.6670666666666666,MATCH_NEW,
main.tex,466,tab:relink random_forest/AllFeatures/nfeat,26.0,26.0,26.0,MATCH_BOTH,
main.tex,466,tab:relink random_forest/AllFeatures/mcc,0.331,0.3472,0.33113333333333334,MATCH_NEW,
main.tex,466,tab:relink random_forest/AllFeatures/f1,0.558,0.5452,0.5583,MATCH_NEW,
main.tex,466,tab:relink random_forest/AllFeatures/auc,0.756,0.7648,0.7561666666666667,MATCH_NEW,
main.tex,467,tab:relink random_forest/FilterMI/nfeat,5.7,10.0,5.666666666666667,MATCH_NEW,
main.tex,467,tab:relink random_forest/FilterMI/mcc,0.342,0.3503666666666667,0.34193333333333337,MATCH_NEW,
main.tex,467,tab:relink random_forest/FilterMI/f1,0.594,0.5658333333333334,0.5941666666666666,MATCH_NEW,
main.tex,467,tab:relink random_forest/FilterMI/auc,0.716,0.7367666666666667,0.7157333333333332,MATCH_NEW,
main.tex,468,tab:relink random_forest/WrapperRFE/nfeat,5.7,10.0,5.666666666666667,MATCH_NEW,
main.tex,468,tab:relink random_forest/WrapperRFE/mcc,0.286,0.29996666666666666,0.2863,MATCH_NEW,
main.tex,468,tab:relink random_forest/WrapperRFE/f1,0.519,0.5226000000000001,0.5194666666666666,MATCH_NEW,
main.tex,468,tab:relink random_forest/WrapperRFE/auc,0.731,0.7369666666666667,0.7306,MATCH_NEW,
main.tex,469,tab:relink random_forest/MI_DS/nfeat,5.7,,5.666666666666667,MATCH_NEW,
main.tex,469,tab:relink random_forest/MI_DS/mcc,0.389,,0.38880000000000003,MATCH_NEW,
main.tex,469,tab:relink random_forest/MI_DS/f1,0.624,,0.6238,MATCH_NEW,
main.tex,469,tab:relink random_forest/MI_DS/auc,0.75,,0.7496999999999999,MATCH_NEW,
main.tex,470,tab:relink random_forest/MI_TW/nfeat,5.7,,5.666666666666667,MATCH_NEW,
main.tex,470,tab:relink random_forest/MI_TW/mcc,0.358,,0.35793333333333327,MATCH_NEW,
main.tex,470,tab:relink random_forest/MI_TW/f1,0.604,,0.6036333333333334,MATCH_NEW,
main.tex,470,tab:relink random_forest/MI_TW/auc,0.717,,0.7170666666666667,MATCH_NEW,
main.tex,484,"prose n_features (AEFS, BorutaSHAP)",6.6,6.6,6.6,MATCH_BOTH,
main.tex,495,"prose MCC (AEFS, Ablation)",0.303,0.30193333333333333,0.30304000000000003,MATCH_NEW,
main.tex,590,prose reduction% range,75.0,61.5-89.2,75.0-89.2,MATCH_NEW,
main.tex,625,"prose MCC (AEFS, BorutaSHAP)",,,,OUT_OF_SCOPE,sensitivity/convergence/runtime or external number
main.tex,649,"prose MCC (AEFS, FilterMI, AllFeatures, WrapperRFE)",0.1,0.03535,0.101825,MATCH_NEW,
main.tex,662,prose MCC (any),,,,OUT_OF_SCOPE,sensitivity/convergence/runtime or external number
main.tex,667,prose MCC (any),,,,OUT_OF_SCOPE,sensitivity/convergence/runtime or external number
main.tex,702,prose MCC (any),,,,OUT_OF_SCOPE,sensitivity/convergence/runtime or external number
main.tex,720,prose MCC (any),,,,OUT_OF_SCOPE,sensitivity/convergence/runtime or external number
main.tex,730,"prose |dMCC| bound (AEFS, BorutaSHAP)",0.077,,0.077,MATCH_BOTH,
main.tex,730,prose reduction% range,75.0,61.5-89.2,75.0-89.2,MATCH_NEW,
main.tex,732,"prose MCC (AEFS, AllFeatures)",,,,OUT_OF_SCOPE,sensitivity/convergence/runtime or external number
main.tex,734,"prose MCC (AEFS, AllFeatures)",0.005,0.0029749999999999993,0.00485,MATCH_NEW,
main.tex,740,"prose |dMCC| bound (AEFS, BorutaSHAP)",0.077,,0.077,MATCH_BOTH,
main.tex,740,prose reduction% range,75.0,61.5-89.2,75.0-89.2,MATCH_NEW,
main.tex,746,"prose |dMCC| bound (AEFS, BorutaSHAP)",0.077,,0.03,MATCH_BOTH,
main.tex,746,prose reduction% range,75.0,61.5-89.2,75.0-89.2,MATCH_NEW,
main_ist.tex,115,"prose MCC (AEFS, FilterMI, AllFeatures, WrapperRFE, BorutaSHAP)",,,,OUT_OF_SCOPE,sensitivity/convergence/runtime or external number
main_ist.tex,126,prose |dMCC| bound (any),0.077,,0.077,MATCH_BOTH,
main_ist.tex,180,prose MCC (any),,,,OUT_OF_SCOPE,sensitivity/convergence/runtime or external number
main_ist.tex,344,tab:datasets aeeem,5.0,,,MATCH_DATA,
main_ist.tex,345,tab:datasets tera,68.0,,,MATCH_DATA,
main_ist.tex,346,tab:datasets nasa,4.0,,,MATCH_DATA,
main_ist.tex,347,tab:datasets relink,3.0,,,MATCH_DATA,
main_ist.tex,388,"prose MCC (AEFS, AllFeatures)",0.303,0.31106,0.30304000000000003,MATCH_NEW,
main_ist.tex,388,"prose n_features (AEFS, AllFeatures)",6.6,6.6,6.6,MATCH_BOTH,
main_ist.tex,388,"prose n_features (AEFS, AllFeatures)",61.0,61.0,61.0,MATCH_BOTH,
main_ist.tex,397,"prose MCC (AEFS, FilterMI, AllFeatures)",0.231,0.22093823529411763,0.23111029411764705,MATCH_NEW,
main_ist.tex,415,prose reduction% relink,78.2,61.54,78.21,MATCH_NEW,
main_ist.tex,429,tab:aeeem lightgbm/AEFS/nfeat,6.6,6.6,6.6,MATCH_BOTH,
main_ist.tex,429,tab:aeeem lightgbm/AEFS/jac,0.77,0.7689999999999999,0.76986,MATCH_NEW,
main_ist.tex,429,tab:aeeem lightgbm/AEFS/mcc,0.303,0.28884,0.30304000000000003,MATCH_NEW,
main_ist.tex,429,tab:aeeem lightgbm/AEFS/f1,0.364,0.35878,0.3642,MATCH_NEW,
main_ist.tex,429,tab:aeeem lightgbm/AEFS/auc,0.706,0.71018,0.70636,MATCH_NEW,
main_ist.tex,430,tab:aeeem lightgbm/Ablation_no2D/nfeat,7.8,7.4,7.8,MATCH_NEW,
main_ist.tex,430,tab:aeeem lightgbm/Ablation_no2D/mcc,0.284,0.27596,0.28364,MATCH_NEW,
main_ist.tex,430,tab:aeeem lightgbm/Ablation_no2D/f1,0.353,0.35234,0.35304,MATCH_NEW,
main_ist.tex,430,tab:aeeem lightgbm/Ablation_no2D/auc,0.702,0.71052,0.70174,MATCH_NEW,
main_ist.tex,431,tab:aeeem lightgbm/AllFeatures/nfeat,61.0,61.0,61.0,MATCH_BOTH,
main_ist.tex,431,tab:aeeem lightgbm/AllFeatures/mcc,0.309,0.31256,0.30892,MATCH_NEW,
main_ist.tex,431,tab:aeeem lightgbm/AllFeatures/f1,0.389,0.39156,0.38899999999999996,MATCH_NEW,
main_ist.tex,431,tab:aeeem lightgbm/AllFeatures/auc,0.718,0.72014,0.71774,MATCH_NEW,
main_ist.tex,432,tab:aeeem lightgbm/FilterMI/nfeat,6.6,6.6,6.6,MATCH_BOTH,
main_ist.tex,432,tab:aeeem lightgbm/FilterMI/mcc,0.216,0.21427999999999997,0.21595999999999999,MATCH_NEW,
main_ist.tex,432,tab:aeeem lightgbm/FilterMI/f1,0.368,0.36748000000000003,0.36816,MATCH_NEW,
main_ist.tex,432,tab:aeeem lightgbm/FilterMI/auc,0.665,0.66516,0.6649,MATCH_BOTH,
main_ist.tex,433,tab:aeeem lightgbm/WrapperRFE/nfeat,6.6,6.6,6.6,MATCH_BOTH,
main_ist.tex,433,tab:aeeem lightgbm/WrapperRFE/mcc,0.251,0.22874,0.25142000000000003,MATCH_NEW,
main_ist.tex,433,tab:aeeem lightgbm/WrapperRFE/f1,0.367,0.35078,0.36686,MATCH_NEW,
main_ist.tex,433,tab:aeeem lightgbm/WrapperRFE/auc,0.692,0.6911400000000001,0.69204,MATCH_NEW,
main_ist.tex,434,tab:aeeem lightgbm/MI_DS/nfeat,6.6,,6.6,MATCH_NEW,
main_ist.tex,434,tab:aeeem lightgbm/MI_DS/mcc,0.226,,0.22582,MATCH_NEW,
main_ist.tex,434,tab:aeeem lightgbm/MI_DS/f1,0.372,,0.37239999999999995,MATCH_NEW,
main_ist.tex,434,tab:aeeem lightgbm/MI_DS/auc,0.678,,0.67826,MATCH_NEW,
main_ist.tex,435,tab:aeeem lightgbm/MI_TW/nfeat,6.6,,6.6,MATCH_NEW,
main_ist.tex,435,tab:aeeem lightgbm/MI_TW/mcc,0.212,,0.21181999999999998,MATCH_NEW,
main_ist.tex,435,tab:aeeem lightgbm/MI_TW/f1,0.364,,0.36416,MATCH_NEW,
main_ist.tex,435,tab:aeeem lightgbm/MI_TW/auc,0.667,,0.66664,MATCH_NEW,
main_ist.tex,438,tab:aeeem random_forest/AEFS/nfeat,6.6,6.6,6.6,MATCH_BOTH,
main_ist.tex,438,tab:aeeem random_forest/AEFS/jac,0.77,0.7689999999999999,0.76986,MATCH_NEW,
main_ist.tex,438,tab:aeeem random_forest/AEFS/mcc,0.261,0.25534,0.26056,MATCH_NEW,
main_ist.tex,438,tab:aeeem random_forest/AEFS/f1,0.356,0.35794000000000004,0.35612,MATCH_NEW,
main_ist.tex,438,tab:aeeem random_forest/AEFS/auc,0.724,0.72324,0.7237,MATCH_NEW,
main_ist.tex,439,tab:aeeem random_forest/Ablation_no2D/nfeat,7.8,7.4,7.8,MATCH_NEW,
main_ist.tex,439,tab:aeeem random_forest/Ablation_no2D/mcc,0.25,0.23466,0.24972,MATCH_NEW,
main_ist.tex,439,tab:aeeem random_forest/Ablation_no2D/f1,0.354,0.3498,0.35362,MATCH_NEW,
main_ist.tex,439,tab:aeeem random_forest/Ablation_no2D/auc,0.719,0.71788,0.71922,MATCH_NEW,
main_ist.tex,440,tab:aeeem random_forest/AllFeatures/nfeat,61.0,61.0,61.0,MATCH_BOTH,
main_ist.tex,440,tab:aeeem random_forest/AllFeatures/mcc,0.304,0.31106,0.30402,MATCH_NEW,
main_ist.tex,440,tab:aeeem random_forest/AllFeatures/f1,0.39,0.39246,0.39039999999999997,MATCH_NEW,
main_ist.tex,440,tab:aeeem random_forest/AllFeatures/auc,0.741,0.74148,0.74106,MATCH_BOTH,
main_ist.tex,441,tab:aeeem random_forest/FilterMI/nfeat,6.6,6.6,6.6,MATCH_BOTH,
main_ist.tex,441,tab:aeeem random_forest/FilterMI/mcc,0.219,0.21357999999999996,0.2189,MATCH_NEW,
main_ist.tex,441,tab:aeeem random_forest/FilterMI/f1,0.376,0.37226,0.37628,MATCH_NEW,
main_ist.tex,441,tab:aeeem random_forest/FilterMI/auc,0.685,0.6843,0.68544,MATCH_NEW,
main_ist.tex,442,tab:aeeem random_forest/WrapperRFE/nfeat,6.6,6.6,6.6,MATCH_BOTH,
main_ist.tex,442,tab:aeeem random_forest/WrapperRFE/mcc,0.258,0.25668,0.25786,MATCH_NEW,
main_ist.tex,442,tab:aeeem random_forest/WrapperRFE/f1,0.394,0.38761999999999996,0.39408,MATCH_NEW,
main_ist.tex,442,tab:aeeem random_forest/WrapperRFE/auc,0.704,0.70746,0.7041000000000001,MATCH_NEW,
main_ist.tex,443,tab:aeeem random_forest/MI_DS/nfeat,6.6,,6.6,MATCH_NEW,
main_ist.tex,443,tab:aeeem random_forest/MI_DS/mcc,0.249,,0.24867999999999996,MATCH_NEW,
main_ist.tex,443,tab:aeeem random_forest/MI_DS/f1,0.405,,0.40528000000000003,MATCH_NEW,
main_ist.tex,443,tab:aeeem random_forest/MI_DS/auc,0.707,,0.70658,MATCH_NEW,
main_ist.tex,444,tab:aeeem random_forest/MI_TW/nfeat,6.6,,6.6,MATCH_NEW,
main_ist.tex,444,tab:aeeem random_forest/MI_TW/mcc,0.21,,0.21042,MATCH_NEW,
main_ist.tex,444,tab:aeeem random_forest/MI_TW/f1,0.368,,0.36848000000000003,MATCH_NEW,
main_ist.tex,444,tab:aeeem random_forest/MI_TW/auc,0.681,,0.6808,MATCH_NEW,
main_ist.tex,460,tab:tera lightgbm/AEFS/nfeat,5.0,5.0,5.0,MATCH_BOTH,
main_ist.tex,460,tab:tera lightgbm/AEFS/jac,0.766,0.7706617647058823,0.7665,MATCH_NEW,
main_ist.tex,460,tab:tera lightgbm/AEFS/mcc,0.17,0.15633382352941178,0.17049117647058823,MATCH_NEW,
main_ist.tex,460,tab:tera lightgbm/AEFS/f1,0.266,0.25124705882352943,0.26601470588235293,MATCH_NEW,
main_ist.tex,460,tab:tera lightgbm/AEFS/auc,0.683,0.6738970588235295,0.6826279411764706,MATCH_NEW,
main_ist.tex,461,tab:tera lightgbm/Ablation_no2D/nfeat,5.0,5.0,5.0,MATCH_BOTH,
main_ist.tex,461,tab:tera lightgbm/Ablation_no2D/mcc,0.17,0.15633382352941178,0.17049117647058823,MATCH_NEW,
main_ist.tex,461,tab:tera lightgbm/Ablation_no2D/f1,0.266,0.25124705882352943,0.26601470588235293,MATCH_NEW,
main_ist.tex,461,tab:tera lightgbm/Ablation_no2D/auc,0.683,0.6738970588235295,0.6826279411764706,MATCH_NEW,
main_ist.tex,462,tab:tera lightgbm/AllFeatures/nfeat,20.0,20.0,20.0,MATCH_BOTH,
main_ist.tex,462,tab:tera lightgbm/AllFeatures/mcc,0.199,0.20173382352941177,0.19875441176470587,MATCH_NEW,
main_ist.tex,462,tab:tera lightgbm/AllFeatures/f1,0.314,0.31900588235294114,0.31383088235294115,MATCH_NEW,
main_ist.tex,462,tab:tera lightgbm/AllFeatures/auc,0.687,0.6911999999999999,0.6870676470588235,MATCH_NEW,
main_ist.tex,463,tab:tera lightgbm/FilterMI/nfeat,5.0,5.0,5.0,MATCH_BOTH,
main_ist.tex,463,tab:tera lightgbm/FilterMI/mcc,0.231,0.24567794117647057,0.23111029411764705,MATCH_NEW,
main_ist.tex,463,tab:tera lightgbm/FilterMI/f1,0.382,0.39093970588235294,0.3818220588235294,MATCH_NEW,
main_ist.tex,463,tab:tera lightgbm/FilterMI/auc,0.675,0.6750470588235293,0.6753529411764706,MATCH_BOTH,
main_ist.tex,464,tab:tera lightgbm/WrapperRFE/nfeat,5.0,5.0,5.0,MATCH_BOTH,
main_ist.tex,464,tab:tera lightgbm/WrapperRFE/mcc,0.191,0.1799794117647059,0.19071029411764706,MATCH_NEW,
main_ist.tex,464,tab:tera lightgbm/WrapperRFE/f1,0.335,0.32483088235294116,0.3345573529411765,MATCH_NEW,
main_ist.tex,464,tab:tera lightgbm/WrapperRFE/auc,0.67,0.6661426470588235,0.6697941176470588,MATCH_NEW,
main_ist.tex,465,tab:tera lightgbm/MI_DS/nfeat,5.0,,5.0,MATCH_NEW,
main_ist.tex,465,tab:tera lightgbm/MI_DS/mcc,0.242,,0.2422985294117647,MATCH_NEW,
main_ist.tex,465,tab:tera lightgbm/MI_DS/f1,0.401,,0.4006617647058824,MATCH_NEW,
main_ist.tex,465,tab:tera lightgbm/MI_DS/auc,0.672,,0.6724367647058824,MATCH_NEW,
main_ist.tex,466,tab:tera lightgbm/MI_TW/nfeat,5.0,,5.0,MATCH_NEW,
main_ist.tex,466,tab:tera lightgbm/MI_TW/mcc,0.238,,0.2375279411764706,MATCH_NEW,
main_ist.tex,466,tab:tera lightgbm/MI_TW/f1,0.382,,0.38150588235294114,MATCH_NEW,
main_ist.tex,466,tab:tera lightgbm/MI_TW/auc,0.676,,0.676475,MATCH_NEW,
main_ist.tex,469,tab:tera random_forest/AEFS/nfeat,5.0,5.0,5.0,MATCH_BOTH,
main_ist.tex,469,tab:tera random_forest/AEFS/jac,0.766,0.7706617647058823,0.7665,MATCH_NEW,
main_ist.tex,469,tab:tera random_forest/AEFS/mcc,0.165,0.16863088235294119,0.16500588235294117,MATCH_NEW,
main_ist.tex,469,tab:tera random_forest/AEFS/f1,0.34,0.34434852941176475,0.3398970588235294,MATCH_NEW,
main_ist.tex,469,tab:tera random_forest/AEFS/auc,0.635,0.6326264705882353,0.6349735294117647,MATCH_NEW,
main_ist.tex,470,tab:tera random_forest/Ablation_no2D/nfeat,5.0,5.0,5.0,MATCH_BOTH,
main_ist.tex,470,tab:tera random_forest/Ablation_no2D/mcc,0.165,0.1699,0.165,MATCH_NEW,
main_ist.tex,470,tab:tera random_forest/Ablation_no2D/f1,0.34,0.34546176470588236,0.33996029411764705,MATCH_NEW,
main_ist.tex,470,tab:tera random_forest/Ablation_no2D/auc,0.635,0.6328279411764706,0.6351838235294118,MATCH_NEW,
main_ist.tex,471,tab:tera random_forest/AllFeatures/nfeat,20.0,20.0,20.0,MATCH_BOTH,
main_ist.tex,471,tab:tera random_forest/AllFeatures/mcc,0.218,0.22093823529411763,0.21840294117647058,MATCH_NEW,
main_ist.tex,471,tab:tera random_forest/AllFeatures/f1,0.394,0.3924705882352941,0.39387794117647057,MATCH_NEW,
main_ist.tex,471,tab:tera random_forest/AllFeatures/auc,0.702,0.7000308823529412,0.7016382352941176,MATCH_NEW,
main_ist.tex,472,tab:tera random_forest/FilterMI/nfeat,5.0,5.0,5.0,MATCH_BOTH,
main_ist.tex,472,tab:tera random_forest/FilterMI/mcc,0.185,0.17579999999999998,0.1850529411764706,MATCH_NEW,
main_ist.tex,472,tab:tera random_forest/FilterMI/f1,0.387,0.3783544117647059,0.3871294117647059,MATCH_NEW,
main_ist.tex,472,tab:tera random_forest/FilterMI/auc,0.664,0.6613426470588235,0.664375,MATCH_NEW,
main_ist.tex,473,tab:tera random_forest/WrapperRFE/nfeat,5.0,5.0,5.0,MATCH_BOTH,
main_ist.tex,473,tab:tera random_forest/WrapperRFE/mcc,0.171,0.16855588235294117,0.17086176470588235,MATCH_NEW,
main_ist.tex,473,tab:tera random_forest/WrapperRFE/f1,0.385,0.3820455882352941,0.38479264705882354,MATCH_NEW,
main_ist.tex,473,tab:tera random_forest/WrapperRFE/auc,0.657,0.6576544117647058,0.6565029411764707,MATCH_NEW,
main_ist.tex,474,tab:tera random_forest/MI_DS/nfeat,5.0,,5.0,MATCH_NEW,
main_ist.tex,474,tab:tera random_forest/MI_DS/mcc,0.156,,0.15639264705882353,MATCH_NEW,
main_ist.tex,474,tab:tera random_forest/MI_DS/f1,0.37,,0.3699411764705882,MATCH_NEW,
main_ist.tex,474,tab:tera random_forest/MI_DS/auc,0.644,,0.6435794117647058,MATCH_NEW,
main_ist.tex,475,tab:tera random_forest/MI_TW/nfeat,5.0,,5.0,MATCH_NEW,
main_ist.tex,475,tab:tera random_forest/MI_TW/mcc,0.183,,0.18296911764705884,MATCH_NEW,
main_ist.tex,475,tab:tera random_forest/MI_TW/f1,0.385,,0.38545441176470585,MATCH_NEW,
main_ist.tex,475,tab:tera random_forest/MI_TW/auc,0.663,,0.6626544117647059,MATCH_NEW,
main_ist.tex,491,tab:nasa lightgbm/AEFS/nfeat,8.0,13.75,8.0,MATCH_NEW,
main_ist.tex,491,tab:nasa lightgbm/AEFS/jac,0.694,0.584025,0.694,MATCH_NEW,
main_ist.tex,491,tab:nasa lightgbm/AEFS/mcc,0.005,-0.0015500000000000028,0.00485,MATCH_NEW,
main_ist.tex,491,tab:nasa lightgbm/AEFS/f1,0.074,0.066375,0.074375,MATCH_NEW,
main_ist.tex,491,tab:nasa lightgbm/AEFS/auc,0.631,0.642575,0.6309,MATCH_NEW,
main_ist.tex,492,tab:nasa lightgbm/Ablation_no2D/nfeat,8.0,14.0,8.0,MATCH_NEW,
main_ist.tex,492,tab:nasa lightgbm/Ablation_no2D/mcc,0.005,0.0005250000000000012,0.00485,MATCH_NEW,
main_ist.tex,492,tab:nasa lightgbm/Ablation_no2D/f1,0.074,0.06445000000000001,0.074375,MATCH_NEW,
main_ist.tex,492,tab:nasa lightgbm/Ablation_no2D/auc,0.631,0.641825,0.6309,MATCH_NEW,
main_ist.tex,493,tab:nasa lightgbm/AllFeatures/nfeat,37.0,37.0,37.0,MATCH_BOTH,
main_ist.tex,493,tab:nasa lightgbm/AllFeatures/mcc,0.029,-0.0162,0.028825,MATCH_NEW,
main_ist.tex,493,tab:nasa lightgbm/AllFeatures/f1,0.094,0.041925000000000004,0.094475,MATCH_NEW,
main_ist.tex,493,tab:nasa lightgbm/AllFeatures/auc,0.664,0.65265,0.664,MATCH_NEW,
main_ist.tex,494,tab:nasa lightgbm/FilterMI/nfeat,8.0,13.75,8.0,MATCH_NEW,
main_ist.tex,494,tab:nasa lightgbm/FilterMI/mcc,0.025,0.014775000000000002,0.025425000000000003,MATCH_NEW,
main_ist.tex,494,tab:nasa lightgbm/FilterMI/f1,0.112,0.0722,0.11157500000000001,MATCH_NEW,
main_ist.tex,494,tab:nasa lightgbm/FilterMI/auc,0.63,0.6546000000000001,0.629875,MATCH_NEW,
main_ist.tex,495,tab:nasa lightgbm/WrapperRFE/nfeat,8.0,13.75,8.0,MATCH_NEW,
main_ist.tex,495,tab:nasa lightgbm/WrapperRFE/mcc,0.095,0.03535,0.095275,MATCH_NEW,
main_ist.tex,495,tab:nasa lightgbm/WrapperRFE/f1,0.186,0.090975,0.1865,MATCH_NEW,
main_ist.tex,495,tab:nasa lightgbm/WrapperRFE/auc,0.665,0.6587000000000001,0.664525,MATCH_NEW,
main_ist.tex,496,tab:nasa lightgbm/MI_DS/nfeat,8.0,,8.0,MATCH_NEW,
main_ist.tex,496,tab:nasa lightgbm/MI_DS/mcc,0.032,,0.03195,MATCH_NEW,
main_ist.tex,496,tab:nasa lightgbm/MI_DS/f1,0.116,,0.11627499999999999,MATCH_NEW,
main_ist.tex,496,tab:nasa lightgbm/MI_DS/auc,0.643,,0.643275,MATCH_NEW,
main_ist.tex,497,tab:nasa lightgbm/MI_TW/nfeat,8.0,,8.0,MATCH_NEW,
main_ist.tex,497,tab:nasa lightgbm/MI_TW/mcc,0.03,,0.029675,MATCH_NEW,
main_ist.tex,497,tab:nasa lightgbm/MI_TW/f1,0.115,,0.11465,MATCH_NEW,
main_ist.tex,497,tab:nasa lightgbm/MI_TW/auc,0.631,,0.6305499999999999,MATCH_NEW,
main_ist.tex,500,tab:nasa random_forest/AEFS/nfeat,8.0,13.75,8.0,MATCH_NEW,
main_ist.tex,500,tab:nasa random_forest/AEFS/jac,0.694,0.584025,0.694,MATCH_NEW,
main_ist.tex,500,tab:nasa random_forest/AEFS/mcc,0.04,-0.0204,0.039575,MATCH_NEW,
main_ist.tex,500,tab:nasa random_forest/AEFS/f1,0.125,0.03405,0.12455,MATCH_NEW,
main_ist.tex,500,tab:nasa random_forest/AEFS/auc,0.666,0.695975,0.66605,MATCH_NEW,
main_ist.tex,501,tab:nasa random_forest/Ablation_no2D/nfeat,8.0,14.0,8.0,MATCH_NEW,
main_ist.tex,501,tab:nasa random_forest/Ablation_no2D/mcc,0.04,-0.021475,0.039575,MATCH_NEW,
main_ist.tex,501,tab:nasa random_forest/Ablation_no2D/f1,0.125,0.034025,0.12455,MATCH_NEW,
main_ist.tex,501,tab:nasa random_forest/Ablation_no2D/auc,0.666,0.6950500000000001,0.66605,MATCH_NEW,
main_ist.tex,502,tab:nasa random_forest/AllFeatures/nfeat,37.0,37.0,37.0,MATCH_BOTH,
main_ist.tex,502,tab:nasa random_forest/AllFeatures/mcc,0.034,0.0029749999999999993,0.033850000000000005,MATCH_NEW,
main_ist.tex,502,tab:nasa random_forest/AllFeatures/f1,0.119,0.038325,0.119125,MATCH_NEW,
main_ist.tex,502,tab:nasa random_forest/AllFeatures/auc,0.687,0.6878249999999999,0.686525,MATCH_NEW,
main_ist.tex,503,tab:nasa random_forest/FilterMI/nfeat,8.0,13.75,8.0,MATCH_NEW,
main_ist.tex,503,tab:nasa random_forest/FilterMI/mcc,0.026,-0.007425000000000001,0.026225000000000002,MATCH_NEW,
main_ist.tex,503,tab:nasa random_forest/FilterMI/f1,0.117,0.048775,0.117475,MATCH_NEW,
main_ist.tex,503,tab:nasa random_forest/FilterMI/auc,0.641,0.6920000000000001,0.640575,MATCH_NEW,
main_ist.tex,504,tab:nasa random_forest/WrapperRFE/nfeat,8.0,13.75,8.0,MATCH_NEW,
main_ist.tex,504,tab:nasa random_forest/WrapperRFE/mcc,0.126,-0.009000000000000001,0.126475,MATCH_NEW,
main_ist.tex,504,tab:nasa random_forest/WrapperRFE/f1,0.233,0.03265,0.23302499999999998,MATCH_NEW,
main_ist.tex,504,tab:nasa random_forest/WrapperRFE/auc,0.672,0.69335,0.671975,MATCH_NEW,
main_ist.tex,505,tab:nasa random_forest/MI_DS/nfeat,8.0,,8.0,MATCH_NEW,
main_ist.tex,505,tab:nasa random_forest/MI_DS/mcc,0.054,,0.054275,MATCH_NEW,
main_ist.tex,505,tab:nasa random_forest/MI_DS/f1,0.137,,0.137075,MATCH_NEW,
main_ist.tex,505,tab:nasa random_forest/MI_DS/auc,0.652,,0.652425,MATCH_NEW,
main_ist.tex,506,tab:nasa random_forest/MI_TW/nfeat,8.0,,8.0,MATCH_NEW,
main_ist.tex,506,tab:nasa random_forest/MI_TW/mcc,0.027,,0.026600000000000002,MATCH_NEW,
main_ist.tex,506,tab:nasa random_forest/MI_TW/f1,0.121,,0.12090000000000001,MATCH_NEW,
main_ist.tex,506,tab:nasa random_forest/MI_TW/auc,0.64,,0.64,MATCH_NEW,
main_ist.tex,522,tab:relink lightgbm/AEFS/nfeat,5.7,10.0,5.666666666666667,MATCH_NEW,
main_ist.tex,522,tab:relink lightgbm/AEFS/jac,0.778,0.6166666666666667,0.7778,MATCH_NEW,
main_ist.tex,522,tab:relink lightgbm/AEFS/mcc,0.228,0.30193333333333333,0.2276,MATCH_NEW,
main_ist.tex,522,tab:relink lightgbm/AEFS/f1,0.491,0.5501999999999999,0.4912666666666667,MATCH_NEW,
main_ist.tex,522,tab:relink lightgbm/AEFS/auc,0.645,0.6990333333333334,0.6451,MATCH_NEW,
main_ist.tex,523,tab:relink lightgbm/Ablation_no2D/nfeat,5.7,10.666666666666666,5.666666666666667,MATCH_NEW,
main_ist.tex,523,tab:relink lightgbm/Ablation_no2D/mcc,0.228,0.2992666666666666,0.2276,MATCH_NEW,
main_ist.tex,523,tab:relink lightgbm/Ablation_no2D/f1,0.491,0.5373666666666667,0.4912666666666667,MATCH_NEW,
main_ist.tex,523,tab:relink lightgbm/Ablation_no2D/auc,0.645,0.7148666666666667,0.6451,MATCH_NEW,
main_ist.tex,524,tab:relink lightgbm/AllFeatures/nfeat,26.0,26.0,26.0,MATCH_BOTH,
main_ist.tex,524,tab:relink lightgbm/AllFeatures/mcc,0.304,0.3106333333333333,0.30440000000000006,MATCH_NEW,
main_ist.tex,524,tab:relink lightgbm/AllFeatures/f1,0.561,0.5652666666666667,0.5608666666666666,MATCH_NEW,
main_ist.tex,524,tab:relink lightgbm/AllFeatures/auc,0.713,0.7287666666666667,0.7125,MATCH_NEW,
main_ist.tex,525,tab:relink lightgbm/FilterMI/nfeat,5.7,10.0,5.666666666666667,MATCH_NEW,
main_ist.tex,525,tab:relink lightgbm/FilterMI/mcc,0.286,0.29223333333333334,0.2860333333333333,MATCH_NEW,
main_ist.tex,525,tab:relink lightgbm/FilterMI/f1,0.552,0.539,0.5521666666666666,MATCH_NEW,
main_ist.tex,525,tab:relink lightgbm/FilterMI/auc,0.695,0.6977333333333333,0.6954666666666668,MATCH_NEW,
main_ist.tex,526,tab:relink lightgbm/WrapperRFE/nfeat,5.7,10.0,5.666666666666667,MATCH_NEW,
main_ist.tex,526,tab:relink lightgbm/WrapperRFE/mcc,0.225,0.21820000000000003,0.2253666666666667,MATCH_NEW,
main_ist.tex,526,tab:relink lightgbm/WrapperRFE/f1,0.507,0.4725,0.5067666666666667,MATCH_NEW,
main_ist.tex,526,tab:relink lightgbm/WrapperRFE/auc,0.676,0.6888666666666667,0.6764666666666667,MATCH_NEW,
main_ist.tex,527,tab:relink lightgbm/MI_DS/nfeat,5.7,,5.666666666666667,MATCH_NEW,
main_ist.tex,527,tab:relink lightgbm/MI_DS/mcc,0.304,,0.3045,MATCH_NEW,
main_ist.tex,527,tab:relink lightgbm/MI_DS/f1,0.569,,0.5687333333333333,MATCH_NEW,
main_ist.tex,527,tab:relink lightgbm/MI_DS/auc,0.701,,0.7008333333333333,MATCH_NEW,
main_ist.tex,528,tab:relink lightgbm/MI_TW/nfeat,5.7,,5.666666666666667,MATCH_NEW,
main_ist.tex,528,tab:relink lightgbm/MI_TW/mcc,0.284,,0.28350000000000003,MATCH_NEW,
main_ist.tex,528,tab:relink lightgbm/MI_TW/f1,0.557,,0.5565000000000001,MATCH_NEW,
main_ist.tex,528,tab:relink lightgbm/MI_TW/auc,0.691,,0.6910333333333334,MATCH_NEW,
main_ist.tex,531,tab:relink random_forest/AEFS/nfeat,5.7,10.0,5.666666666666667,MATCH_NEW,
main_ist.tex,531,tab:relink random_forest/AEFS/jac,0.778,0.6166666666666667,0.7778,MATCH_NEW,
main_ist.tex,531,tab:relink random_forest/AEFS/mcc,0.26,0.3234666666666666,0.25966666666666666,MATCH_NEW,
main_ist.tex,531,tab:relink random_forest/AEFS/f1,0.505,0.5528000000000001,0.505,MATCH_NEW,
main_ist.tex,531,tab:relink random_forest/AEFS/auc,0.667,0.7278333333333333,0.6670666666666666,MATCH_NEW,
main_ist.tex,532,tab:relink random_forest/Ablation_no2D/nfeat,5.7,10.666666666666666,5.666666666666667,MATCH_NEW,
main_ist.tex,532,tab:relink random_forest/Ablation_no2D/mcc,0.26,0.3401666666666667,0.25966666666666666,MATCH_NEW,
main_ist.tex,532,tab:relink random_forest/Ablation_no2D/f1,0.505,0.5627333333333334,0.505,MATCH_NEW,
main_ist.tex,532,tab:relink random_forest/Ablation_no2D/auc,0.667,0.741,0.6670666666666666,MATCH_NEW,
main_ist.tex,533,tab:relink random_forest/AllFeatures/nfeat,26.0,26.0,26.0,MATCH_BOTH,
main_ist.tex,533,tab:relink random_forest/AllFeatures/mcc,0.331,0.3472,0.33113333333333334,MATCH_NEW,
main_ist.tex,533,tab:relink random_forest/AllFeatures/f1,0.558,0.5452,0.5583,MATCH_NEW,
main_ist.tex,533,tab:relink random_forest/AllFeatures/auc,0.756,0.7648,0.7561666666666667,MATCH_NEW,
main_ist.tex,534,tab:relink random_forest/FilterMI/nfeat,5.7,10.0,5.666666666666667,MATCH_NEW,
main_ist.tex,534,tab:relink random_forest/FilterMI/mcc,0.342,0.3503666666666667,0.34193333333333337,MATCH_NEW,
main_ist.tex,534,tab:relink random_forest/FilterMI/f1,0.594,0.5658333333333334,0.5941666666666666,MATCH_NEW,
main_ist.tex,534,tab:relink random_forest/FilterMI/auc,0.716,0.7367666666666667,0.7157333333333332,MATCH_NEW,
main_ist.tex,535,tab:relink random_forest/WrapperRFE/nfeat,5.7,10.0,5.666666666666667,MATCH_NEW,
main_ist.tex,535,tab:relink random_forest/WrapperRFE/mcc,0.286,0.29996666666666666,0.2863,MATCH_NEW,
main_ist.tex,535,tab:relink random_forest/WrapperRFE/f1,0.519,0.5226000000000001,0.5194666666666666,MATCH_NEW,
main_ist.tex,535,tab:relink random_forest/WrapperRFE/auc,0.731,0.7369666666666667,0.7306,MATCH_NEW,
main_ist.tex,536,tab:relink random_forest/MI_DS/nfeat,5.7,,5.666666666666667,MATCH_NEW,
main_ist.tex,536,tab:relink random_forest/MI_DS/mcc,0.389,,0.38880000000000003,MATCH_NEW,
main_ist.tex,536,tab:relink random_forest/MI_DS/f1,0.624,,0.6238,MATCH_NEW,
main_ist.tex,536,tab:relink random_forest/MI_DS/auc,0.75,,0.7496999999999999,MATCH_NEW,
main_ist.tex,537,tab:relink random_forest/MI_TW/nfeat,5.7,,5.666666666666667,MATCH_NEW,
main_ist.tex,537,tab:relink random_forest/MI_TW/mcc,0.358,,0.35793333333333327,MATCH_NEW,
main_ist.tex,537,tab:relink random_forest/MI_TW/f1,0.604,,0.6036333333333334,MATCH_NEW,
main_ist.tex,537,tab:relink random_forest/MI_TW/auc,0.717,,0.7170666666666667,MATCH_NEW,
main_ist.tex,551,"prose n_features (AEFS, BorutaSHAP)",6.6,6.6,6.6,MATCH_BOTH,
main_ist.tex,562,"prose MCC (AEFS, Ablation)",0.303,0.30193333333333333,0.30304000000000003,MATCH_NEW,
main_ist.tex,657,prose reduction% range,75.0,61.5-89.2,75.0-89.2,MATCH_NEW,
main_ist.tex,692,"prose MCC (AEFS, BorutaSHAP)",,,,OUT_OF_SCOPE,sensitivity/convergence/runtime or external number
main_ist.tex,716,"prose MCC (AEFS, FilterMI, AllFeatures, WrapperRFE)",0.1,0.03535,0.101825,MATCH_NEW,
main_ist.tex,729,prose MCC (any),,,,OUT_OF_SCOPE,sensitivity/convergence/runtime or external number
main_ist.tex,734,prose MCC (any),,,,OUT_OF_SCOPE,sensitivity/convergence/runtime or external number
main_ist.tex,769,prose MCC (any),,,,OUT_OF_SCOPE,sensitivity/convergence/runtime or external number
main_ist.tex,787,prose MCC (any),,,,OUT_OF_SCOPE,sensitivity/convergence/runtime or external number
main_ist.tex,797,"prose |dMCC| bound (AEFS, BorutaSHAP)",0.077,,0.077,MATCH_BOTH,
main_ist.tex,797,prose reduction% range,75.0,61.5-89.2,75.0-89.2,MATCH_NEW,
main_ist.tex,799,"prose MCC (AEFS, AllFeatures)",,,,OUT_OF_SCOPE,sensitivity/convergence/runtime or external number
main_ist.tex,801,"prose MCC (AEFS, AllFeatures)",0.005,0.0029749999999999993,0.00485,MATCH_NEW,
main_ist.tex,807,"prose |dMCC| bound (AEFS, BorutaSHAP)",0.077,,0.077,MATCH_BOTH,
main_ist.tex,807,prose reduction% range,75.0,61.5-89.2,75.0-89.2,MATCH_NEW,
main_ist.tex,813,"prose |dMCC| bound (AEFS, BorutaSHAP)",0.077,,0.03,MATCH_BOTH,
main_ist.tex,813,prose reduction% range,75.0,61.5-89.2,75.0-89.2,MATCH_NEW,
main.tex,105,"prose MCC (AEFS, FilterMI, AllFeatures, WrapperRFE, BorutaSHAP)",,,,OUT_OF_SCOPE,sensitivity/convergence/runtime or external number
main.tex,116,prose |dMCC| bound (any),0.077,,0.077,MATCH_BOTH,
main.tex,170,prose MCC (any),,,,OUT_OF_SCOPE,sensitivity/convergence/runtime or external number
main.tex,337,tab:datasets aeeem,5.0,,,MATCH_DATA,
main.tex,338,tab:datasets tera,68.0,,,MATCH_DATA,
main.tex,339,tab:datasets nasa,4.0,,,MATCH_DATA,
main.tex,340,tab:datasets relink,3.0,,,MATCH_DATA,
main.tex,383,"prose MCC (AEFS, AllFeatures)",0.303,0.31106,0.30304000000000003,MATCH_NEW,
main.tex,383,"prose n_features (AEFS, AllFeatures)",6.6,6.6,6.6,MATCH_BOTH,
main.tex,383,"prose n_features (AEFS, AllFeatures)",61.0,61.0,61.0,MATCH_BOTH,
main.tex,394,"prose MCC (AEFS, FilterMI, AllFeatures)",0.231,0.22093823529411763,0.23111029411764705,MATCH_NEW,
main.tex,416,prose reduction% relink,78.2,61.54,78.21,MATCH_NEW,
main.tex,431,tab:aeeem lightgbm/AEFS/nfeat,6.6,6.6,6.6,MATCH_BOTH,
main.tex,431,tab:aeeem lightgbm/AEFS/jac,0.77,0.7689999999999999,0.76986,MATCH_NEW,
main.tex,431,tab:aeeem lightgbm/AEFS/mcc,0.303,0.28884,0.30304000000000003,MATCH_NEW,
main.tex,431,tab:aeeem lightgbm/AEFS/f1,0.364,0.35878,0.3642,MATCH_NEW,
main.tex,431,tab:aeeem lightgbm/AEFS/auc,0.706,0.71018,0.70636,MATCH_NEW,
main.tex,432,tab:aeeem lightgbm/Ablation_no2D/nfeat,7.8,7.4,7.8,MATCH_NEW,
main.tex,432,tab:aeeem lightgbm/Ablation_no2D/mcc,0.284,0.27596,0.28364,MATCH_NEW,
main.tex,432,tab:aeeem lightgbm/Ablation_no2D/f1,0.353,0.35234,0.35304,MATCH_NEW,
main.tex,432,tab:aeeem lightgbm/Ablation_no2D/auc,0.702,0.71052,0.70174,MATCH_NEW,
main.tex,433,tab:aeeem lightgbm/AllFeatures/nfeat,61.0,61.0,61.0,MATCH_BOTH,
main.tex,433,tab:aeeem lightgbm/AllFeatures/mcc,0.309,0.31256,0.30892,MATCH_NEW,
main.tex,433,tab:aeeem lightgbm/AllFeatures/f1,0.389,0.39156,0.38899999999999996,MATCH_NEW,
main.tex,433,tab:aeeem lightgbm/AllFeatures/auc,0.718,0.72014,0.71774,MATCH_NEW,
main.tex,434,tab:aeeem lightgbm/FilterMI/nfeat,6.6,6.6,6.6,MATCH_BOTH,
main.tex,434,tab:aeeem lightgbm/FilterMI/mcc,0.216,0.21427999999999997,0.21595999999999999,MATCH_NEW,
main.tex,434,tab:aeeem lightgbm/FilterMI/f1,0.368,0.36748000000000003,0.36816,MATCH_NEW,
main.tex,434,tab:aeeem lightgbm/FilterMI/auc,0.665,0.66516,0.6649,MATCH_BOTH,
main.tex,435,tab:aeeem lightgbm/WrapperRFE/nfeat,6.6,6.6,6.6,MATCH_BOTH,
main.tex,435,tab:aeeem lightgbm/WrapperRFE/mcc,0.251,0.22874,0.25142000000000003,MATCH_NEW,
main.tex,435,tab:aeeem lightgbm/WrapperRFE/f1,0.367,0.35078,0.36686,MATCH_NEW,
main.tex,435,tab:aeeem lightgbm/WrapperRFE/auc,0.692,0.6911400000000001,0.69204,MATCH_NEW,
main.tex,436,tab:aeeem lightgbm/MI_DS/nfeat,6.6,,6.6,MATCH_NEW,
main.tex,436,tab:aeeem lightgbm/MI_DS/mcc,0.226,,0.22582,MATCH_NEW,
main.tex,436,tab:aeeem lightgbm/MI_DS/f1,0.372,,0.37239999999999995,MATCH_NEW,
main.tex,436,tab:aeeem lightgbm/MI_DS/auc,0.678,,0.67826,MATCH_NEW,
main.tex,437,tab:aeeem lightgbm/MI_TW/nfeat,6.6,,6.6,MATCH_NEW,
main.tex,437,tab:aeeem lightgbm/MI_TW/mcc,0.212,,0.21181999999999998,MATCH_NEW,
main.tex,437,tab:aeeem lightgbm/MI_TW/f1,0.364,,0.36416,MATCH_NEW,
main.tex,437,tab:aeeem lightgbm/MI_TW/auc,0.667,,0.66664,MATCH_NEW,
main.tex,440,tab:aeeem random_forest/AEFS/nfeat,6.6,6.6,6.6,MATCH_BOTH,
main.tex,440,tab:aeeem random_forest/AEFS/jac,0.77,0.7689999999999999,0.76986,MATCH_NEW,
main.tex,440,tab:aeeem random_forest/AEFS/mcc,0.261,0.25534,0.26056,MATCH_NEW,
main.tex,440,tab:aeeem random_forest/AEFS/f1,0.356,0.35794000000000004,0.35612,MATCH_NEW,
main.tex,440,tab:aeeem random_forest/AEFS/auc,0.724,0.72324,0.7237,MATCH_NEW,
main.tex,441,tab:aeeem random_forest/Ablation_no2D/nfeat,7.8,7.4,7.8,MATCH_NEW,
main.tex,441,tab:aeeem random_forest/Ablation_no2D/mcc,0.25,0.23466,0.24972,MATCH_NEW,
main.tex,441,tab:aeeem random_forest/Ablation_no2D/f1,0.354,0.3498,0.35362,MATCH_NEW,
main.tex,441,tab:aeeem random_forest/Ablation_no2D/auc,0.719,0.71788,0.71922,MATCH_NEW,
main.tex,442,tab:aeeem random_forest/AllFeatures/nfeat,61.0,61.0,61.0,MATCH_BOTH,
main.tex,442,tab:aeeem random_forest/AllFeatures/mcc,0.304,0.31106,0.30402,MATCH_NEW,
main.tex,442,tab:aeeem random_forest/AllFeatures/f1,0.39,0.39246,0.39039999999999997,MATCH_NEW,
main.tex,442,tab:aeeem random_forest/AllFeatures/auc,0.741,0.74148,0.74106,MATCH_BOTH,
main.tex,443,tab:aeeem random_forest/FilterMI/nfeat,6.6,6.6,6.6,MATCH_BOTH,
main.tex,443,tab:aeeem random_forest/FilterMI/mcc,0.219,0.21357999999999996,0.2189,MATCH_NEW,
main.tex,443,tab:aeeem random_forest/FilterMI/f1,0.376,0.37226,0.37628,MATCH_NEW,
main.tex,443,tab:aeeem random_forest/FilterMI/auc,0.685,0.6843,0.68544,MATCH_NEW,
main.tex,444,tab:aeeem random_forest/WrapperRFE/nfeat,6.6,6.6,6.6,MATCH_BOTH,
main.tex,444,tab:aeeem random_forest/WrapperRFE/mcc,0.258,0.25668,0.25786,MATCH_NEW,
main.tex,444,tab:aeeem random_forest/WrapperRFE/f1,0.394,0.38761999999999996,0.39408,MATCH_NEW,
main.tex,444,tab:aeeem random_forest/WrapperRFE/auc,0.704,0.70746,0.7041000000000001,MATCH_NEW,
main.tex,445,tab:aeeem random_forest/MI_DS/nfeat,6.6,,6.6,MATCH_NEW,
main.tex,445,tab:aeeem random_forest/MI_DS/mcc,0.249,,0.24867999999999996,MATCH_NEW,
main.tex,445,tab:aeeem random_forest/MI_DS/f1,0.405,,0.40528000000000003,MATCH_NEW,
main.tex,445,tab:aeeem random_forest/MI_DS/auc,0.707,,0.70658,MATCH_NEW,
main.tex,446,tab:aeeem random_forest/MI_TW/nfeat,6.6,,6.6,MATCH_NEW,
main.tex,446,tab:aeeem random_forest/MI_TW/mcc,0.21,,0.21042,MATCH_NEW,
main.tex,446,tab:aeeem random_forest/MI_TW/f1,0.368,,0.36848000000000003,MATCH_NEW,
main.tex,446,tab:aeeem random_forest/MI_TW/auc,0.681,,0.6808,MATCH_NEW,
main.tex,464,tab:tera lightgbm/AEFS/nfeat,5.0,5.0,5.0,MATCH_BOTH,
main.tex,464,tab:tera lightgbm/AEFS/jac,0.766,0.7706617647058823,0.7665,MATCH_NEW,
main.tex,464,tab:tera lightgbm/AEFS/mcc,0.17,0.15633382352941178,0.17049117647058823,MATCH_NEW,
main.tex,464,tab:tera lightgbm/AEFS/f1,0.266,0.25124705882352943,0.26601470588235293,MATCH_NEW,
main.tex,464,tab:tera lightgbm/AEFS/auc,0.683,0.6738970588235295,0.6826279411764706,MATCH_NEW,
main.tex,465,tab:tera lightgbm/Ablation_no2D/nfeat,5.0,5.0,5.0,MATCH_BOTH,
main.tex,465,tab:tera lightgbm/Ablation_no2D/mcc,0.17,0.15633382352941178,0.17049117647058823,MATCH_NEW,
main.tex,465,tab:tera lightgbm/Ablation_no2D/f1,0.266,0.25124705882352943,0.26601470588235293,MATCH_NEW,
main.tex,465,tab:tera lightgbm/Ablation_no2D/auc,0.683,0.6738970588235295,0.6826279411764706,MATCH_NEW,
main.tex,466,tab:tera lightgbm/AllFeatures/nfeat,20.0,20.0,20.0,MATCH_BOTH,
main.tex,466,tab:tera lightgbm/AllFeatures/mcc,0.199,0.20173382352941177,0.19875441176470587,MATCH_NEW,
main.tex,466,tab:tera lightgbm/AllFeatures/f1,0.314,0.31900588235294114,0.31383088235294115,MATCH_NEW,
main.tex,466,tab:tera lightgbm/AllFeatures/auc,0.687,0.6911999999999999,0.6870676470588235,MATCH_NEW,
main.tex,467,tab:tera lightgbm/FilterMI/nfeat,5.0,5.0,5.0,MATCH_BOTH,
main.tex,467,tab:tera lightgbm/FilterMI/mcc,0.231,0.24567794117647057,0.23111029411764705,MATCH_NEW,
main.tex,467,tab:tera lightgbm/FilterMI/f1,0.382,0.39093970588235294,0.3818220588235294,MATCH_NEW,
main.tex,467,tab:tera lightgbm/FilterMI/auc,0.675,0.6750470588235293,0.6753529411764706,MATCH_BOTH,
main.tex,468,tab:tera lightgbm/WrapperRFE/nfeat,5.0,5.0,5.0,MATCH_BOTH,
main.tex,468,tab:tera lightgbm/WrapperRFE/mcc,0.191,0.1799794117647059,0.19071029411764706,MATCH_NEW,
main.tex,468,tab:tera lightgbm/WrapperRFE/f1,0.335,0.32483088235294116,0.3345573529411765,MATCH_NEW,
main.tex,468,tab:tera lightgbm/WrapperRFE/auc,0.67,0.6661426470588235,0.6697941176470588,MATCH_NEW,
main.tex,469,tab:tera lightgbm/MI_DS/nfeat,5.0,,5.0,MATCH_NEW,
main.tex,469,tab:tera lightgbm/MI_DS/mcc,0.242,,0.2422985294117647,MATCH_NEW,
main.tex,469,tab:tera lightgbm/MI_DS/f1,0.401,,0.4006617647058824,MATCH_NEW,
main.tex,469,tab:tera lightgbm/MI_DS/auc,0.672,,0.6724367647058824,MATCH_NEW,
main.tex,470,tab:tera lightgbm/MI_TW/nfeat,5.0,,5.0,MATCH_NEW,
main.tex,470,tab:tera lightgbm/MI_TW/mcc,0.238,,0.2375279411764706,MATCH_NEW,
main.tex,470,tab:tera lightgbm/MI_TW/f1,0.382,,0.38150588235294114,MATCH_NEW,
main.tex,470,tab:tera lightgbm/MI_TW/auc,0.676,,0.676475,MATCH_NEW,
main.tex,473,tab:tera random_forest/AEFS/nfeat,5.0,5.0,5.0,MATCH_BOTH,
main.tex,473,tab:tera random_forest/AEFS/jac,0.766,0.7706617647058823,0.7665,MATCH_NEW,
main.tex,473,tab:tera random_forest/AEFS/mcc,0.165,0.16863088235294119,0.16500588235294117,MATCH_NEW,
main.tex,473,tab:tera random_forest/AEFS/f1,0.34,0.34434852941176475,0.3398970588235294,MATCH_NEW,
main.tex,473,tab:tera random_forest/AEFS/auc,0.635,0.6326264705882353,0.6349735294117647,MATCH_NEW,
main.tex,474,tab:tera random_forest/Ablation_no2D/nfeat,5.0,5.0,5.0,MATCH_BOTH,
main.tex,474,tab:tera random_forest/Ablation_no2D/mcc,0.165,0.1699,0.165,MATCH_NEW,
main.tex,474,tab:tera random_forest/Ablation_no2D/f1,0.34,0.34546176470588236,0.33996029411764705,MATCH_NEW,
main.tex,474,tab:tera random_forest/Ablation_no2D/auc,0.635,0.6328279411764706,0.6351838235294118,MATCH_NEW,
main.tex,475,tab:tera random_forest/AllFeatures/nfeat,20.0,20.0,20.0,MATCH_BOTH,
main.tex,475,tab:tera random_forest/AllFeatures/mcc,0.218,0.22093823529411763,0.21840294117647058,MATCH_NEW,
main.tex,475,tab:tera random_forest/AllFeatures/f1,0.394,0.3924705882352941,0.39387794117647057,MATCH_NEW,
main.tex,475,tab:tera random_forest/AllFeatures/auc,0.702,0.7000308823529412,0.7016382352941176,MATCH_NEW,
main.tex,476,tab:tera random_forest/FilterMI/nfeat,5.0,5.0,5.0,MATCH_BOTH,
main.tex,476,tab:tera random_forest/FilterMI/mcc,0.185,0.17579999999999998,0.1850529411764706,MATCH_NEW,
main.tex,476,tab:tera random_forest/FilterMI/f1,0.387,0.3783544117647059,0.3871294117647059,MATCH_NEW,
main.tex,476,tab:tera random_forest/FilterMI/auc,0.664,0.6613426470588235,0.664375,MATCH_NEW,
main.tex,477,tab:tera random_forest/WrapperRFE/nfeat,5.0,5.0,5.0,MATCH_BOTH,
main.tex,477,tab:tera random_forest/WrapperRFE/mcc,0.171,0.16855588235294117,0.17086176470588235,MATCH_NEW,
main.tex,477,tab:tera random_forest/WrapperRFE/f1,0.385,0.3820455882352941,0.38479264705882354,MATCH_NEW,
main.tex,477,tab:tera random_forest/WrapperRFE/auc,0.657,0.6576544117647058,0.6565029411764707,MATCH_NEW,
main.tex,478,tab:tera random_forest/MI_DS/nfeat,5.0,,5.0,MATCH_NEW,
main.tex,478,tab:tera random_forest/MI_DS/mcc,0.156,,0.15639264705882353,MATCH_NEW,
main.tex,478,tab:tera random_forest/MI_DS/f1,0.37,,0.3699411764705882,MATCH_NEW,
main.tex,478,tab:tera random_forest/MI_DS/auc,0.644,,0.6435794117647058,MATCH_NEW,
main.tex,479,tab:tera random_forest/MI_TW/nfeat,5.0,,5.0,MATCH_NEW,
main.tex,479,tab:tera random_forest/MI_TW/mcc,0.183,,0.18296911764705884,MATCH_NEW,
main.tex,479,tab:tera random_forest/MI_TW/f1,0.385,,0.38545441176470585,MATCH_NEW,
main.tex,479,tab:tera random_forest/MI_TW/auc,0.663,,0.6626544117647059,MATCH_NEW,
main.tex,497,tab:nasa lightgbm/AEFS/nfeat,8.0,13.75,8.0,MATCH_NEW,
main.tex,497,tab:nasa lightgbm/AEFS/jac,0.694,0.584025,0.694,MATCH_NEW,
main.tex,497,tab:nasa lightgbm/AEFS/mcc,0.005,-0.0015500000000000028,0.00485,MATCH_NEW,
main.tex,497,tab:nasa lightgbm/AEFS/f1,0.074,0.066375,0.074375,MATCH_NEW,
main.tex,497,tab:nasa lightgbm/AEFS/auc,0.631,0.642575,0.6309,MATCH_NEW,
main.tex,498,tab:nasa lightgbm/Ablation_no2D/nfeat,8.0,14.0,8.0,MATCH_NEW,
main.tex,498,tab:nasa lightgbm/Ablation_no2D/mcc,0.005,0.0005250000000000012,0.00485,MATCH_NEW,
main.tex,498,tab:nasa lightgbm/Ablation_no2D/f1,0.074,0.06445000000000001,0.074375,MATCH_NEW,
main.tex,498,tab:nasa lightgbm/Ablation_no2D/auc,0.631,0.641825,0.6309,MATCH_NEW,
main.tex,499,tab:nasa lightgbm/AllFeatures/nfeat,37.0,37.0,37.0,MATCH_BOTH,
main.tex,499,tab:nasa lightgbm/AllFeatures/mcc,0.029,-0.0162,0.028825,MATCH_NEW,
main.tex,499,tab:nasa lightgbm/AllFeatures/f1,0.094,0.041925000000000004,0.094475,MATCH_NEW,
main.tex,499,tab:nasa lightgbm/AllFeatures/auc,0.664,0.65265,0.664,MATCH_NEW,
main.tex,500,tab:nasa lightgbm/FilterMI/nfeat,8.0,13.75,8.0,MATCH_NEW,
main.tex,500,tab:nasa lightgbm/FilterMI/mcc,0.025,0.014775000000000002,0.025425000000000003,MATCH_NEW,
main.tex,500,tab:nasa lightgbm/FilterMI/f1,0.112,0.0722,0.11157500000000001,MATCH_NEW,
main.tex,500,tab:nasa lightgbm/FilterMI/auc,0.63,0.6546000000000001,0.629875,MATCH_NEW,
main.tex,501,tab:nasa lightgbm/WrapperRFE/nfeat,8.0,13.75,8.0,MATCH_NEW,
main.tex,501,tab:nasa lightgbm/WrapperRFE/mcc,0.095,0.03535,0.095275,MATCH_NEW,
main.tex,501,tab:nasa lightgbm/WrapperRFE/f1,0.186,0.090975,0.1865,MATCH_NEW,
main.tex,501,tab:nasa lightgbm/WrapperRFE/auc,0.665,0.6587000000000001,0.664525,MATCH_NEW,
main.tex,502,tab:nasa lightgbm/MI_DS/nfeat,8.0,,8.0,MATCH_NEW,
main.tex,502,tab:nasa lightgbm/MI_DS/mcc,0.032,,0.03195,MATCH_NEW,
main.tex,502,tab:nasa lightgbm/MI_DS/f1,0.116,,0.11627499999999999,MATCH_NEW,
main.tex,502,tab:nasa lightgbm/MI_DS/auc,0.643,,0.643275,MATCH_NEW,
main.tex,503,tab:nasa lightgbm/MI_TW/nfeat,8.0,,8.0,MATCH_NEW,
main.tex,503,tab:nasa lightgbm/MI_TW/mcc,0.03,,0.029675,MATCH_NEW,
main.tex,503,tab:nasa lightgbm/MI_TW/f1,0.115,,0.11465,MATCH_NEW,
main.tex,503,tab:nasa lightgbm/MI_TW/auc,0.631,,0.6305499999999999,MATCH_NEW,
main.tex,506,tab:nasa random_forest/AEFS/nfeat,8.0,13.75,8.0,MATCH_NEW,
main.tex,506,tab:nasa random_forest/AEFS/jac,0.694,0.584025,0.694,MATCH_NEW,
main.tex,506,tab:nasa random_forest/AEFS/mcc,0.04,-0.0204,0.039575,MATCH_NEW,
main.tex,506,tab:nasa random_forest/AEFS/f1,0.125,0.03405,0.12455,MATCH_NEW,
main.tex,506,tab:nasa random_forest/AEFS/auc,0.666,0.695975,0.66605,MATCH_NEW,
main.tex,507,tab:nasa random_forest/Ablation_no2D/nfeat,8.0,14.0,8.0,MATCH_NEW,
main.tex,507,tab:nasa random_forest/Ablation_no2D/mcc,0.04,-0.021475,0.039575,MATCH_NEW,
main.tex,507,tab:nasa random_forest/Ablation_no2D/f1,0.125,0.034025,0.12455,MATCH_NEW,
main.tex,507,tab:nasa random_forest/Ablation_no2D/auc,0.666,0.6950500000000001,0.66605,MATCH_NEW,
main.tex,508,tab:nasa random_forest/AllFeatures/nfeat,37.0,37.0,37.0,MATCH_BOTH,
main.tex,508,tab:nasa random_forest/AllFeatures/mcc,0.034,0.0029749999999999993,0.033850000000000005,MATCH_NEW,
main.tex,508,tab:nasa random_forest/AllFeatures/f1,0.119,0.038325,0.119125,MATCH_NEW,
main.tex,508,tab:nasa random_forest/AllFeatures/auc,0.687,0.6878249999999999,0.686525,MATCH_NEW,
main.tex,509,tab:nasa random_forest/FilterMI/nfeat,8.0,13.75,8.0,MATCH_NEW,
main.tex,509,tab:nasa random_forest/FilterMI/mcc,0.026,-0.007425000000000001,0.026225000000000002,MATCH_NEW,
main.tex,509,tab:nasa random_forest/FilterMI/f1,0.117,0.048775,0.117475,MATCH_NEW,
main.tex,509,tab:nasa random_forest/FilterMI/auc,0.641,0.6920000000000001,0.640575,MATCH_NEW,
main.tex,510,tab:nasa random_forest/WrapperRFE/nfeat,8.0,13.75,8.0,MATCH_NEW,
main.tex,510,tab:nasa random_forest/WrapperRFE/mcc,0.126,-0.009000000000000001,0.126475,MATCH_NEW,
main.tex,510,tab:nasa random_forest/WrapperRFE/f1,0.233,0.03265,0.23302499999999998,MATCH_NEW,
main.tex,510,tab:nasa random_forest/WrapperRFE/auc,0.672,0.69335,0.671975,MATCH_NEW,
main.tex,511,tab:nasa random_forest/MI_DS/nfeat,8.0,,8.0,MATCH_NEW,
main.tex,511,tab:nasa random_forest/MI_DS/mcc,0.054,,0.054275,MATCH_NEW,
main.tex,511,tab:nasa random_forest/MI_DS/f1,0.137,,0.137075,MATCH_NEW,
main.tex,511,tab:nasa random_forest/MI_DS/auc,0.652,,0.652425,MATCH_NEW,
main.tex,512,tab:nasa random_forest/MI_TW/nfeat,8.0,,8.0,MATCH_NEW,
main.tex,512,tab:nasa random_forest/MI_TW/mcc,0.027,,0.026600000000000002,MATCH_NEW,
main.tex,512,tab:nasa random_forest/MI_TW/f1,0.121,,0.12090000000000001,MATCH_NEW,
main.tex,512,tab:nasa random_forest/MI_TW/auc,0.64,,0.64,MATCH_NEW,
main.tex,530,tab:relink lightgbm/AEFS/nfeat,5.7,10.0,5.666666666666667,MATCH_NEW,
main.tex,530,tab:relink lightgbm/AEFS/jac,0.778,0.6166666666666667,0.7778,MATCH_NEW,
main.tex,530,tab:relink lightgbm/AEFS/mcc,0.228,0.30193333333333333,0.2276,MATCH_NEW,
main.tex,530,tab:relink lightgbm/AEFS/f1,0.491,0.5501999999999999,0.4912666666666667,MATCH_NEW,
main.tex,530,tab:relink lightgbm/AEFS/auc,0.645,0.6990333333333334,0.6451,MATCH_NEW,
main.tex,531,tab:relink lightgbm/Ablation_no2D/nfeat,5.7,10.666666666666666,5.666666666666667,MATCH_NEW,
main.tex,531,tab:relink lightgbm/Ablation_no2D/mcc,0.228,0.2992666666666666,0.2276,MATCH_NEW,
main.tex,531,tab:relink lightgbm/Ablation_no2D/f1,0.491,0.5373666666666667,0.4912666666666667,MATCH_NEW,
main.tex,531,tab:relink lightgbm/Ablation_no2D/auc,0.645,0.7148666666666667,0.6451,MATCH_NEW,
main.tex,532,tab:relink lightgbm/AllFeatures/nfeat,26.0,26.0,26.0,MATCH_BOTH,
main.tex,532,tab:relink lightgbm/AllFeatures/mcc,0.304,0.3106333333333333,0.30440000000000006,MATCH_NEW,
main.tex,532,tab:relink lightgbm/AllFeatures/f1,0.561,0.5652666666666667,0.5608666666666666,MATCH_NEW,
main.tex,532,tab:relink lightgbm/AllFeatures/auc,0.713,0.7287666666666667,0.7125,MATCH_NEW,
main.tex,533,tab:relink lightgbm/FilterMI/nfeat,5.7,10.0,5.666666666666667,MATCH_NEW,
main.tex,533,tab:relink lightgbm/FilterMI/mcc,0.286,0.29223333333333334,0.2860333333333333,MATCH_NEW,
main.tex,533,tab:relink lightgbm/FilterMI/f1,0.552,0.539,0.5521666666666666,MATCH_NEW,
main.tex,533,tab:relink lightgbm/FilterMI/auc,0.695,0.6977333333333333,0.6954666666666668,MATCH_NEW,
main.tex,534,tab:relink lightgbm/WrapperRFE/nfeat,5.7,10.0,5.666666666666667,MATCH_NEW,
main.tex,534,tab:relink lightgbm/WrapperRFE/mcc,0.225,0.21820000000000003,0.2253666666666667,MATCH_NEW,
main.tex,534,tab:relink lightgbm/WrapperRFE/f1,0.507,0.4725,0.5067666666666667,MATCH_NEW,
main.tex,534,tab:relink lightgbm/WrapperRFE/auc,0.676,0.6888666666666667,0.6764666666666667,MATCH_NEW,
main.tex,535,tab:relink lightgbm/MI_DS/nfeat,5.7,,5.666666666666667,MATCH_NEW,
main.tex,535,tab:relink lightgbm/MI_DS/mcc,0.304,,0.3045,MATCH_NEW,
main.tex,535,tab:relink lightgbm/MI_DS/f1,0.569,,0.5687333333333333,MATCH_NEW,
main.tex,535,tab:relink lightgbm/MI_DS/auc,0.701,,0.7008333333333333,MATCH_NEW,
main.tex,536,tab:relink lightgbm/MI_TW/nfeat,5.7,,5.666666666666667,MATCH_NEW,
main.tex,536,tab:relink lightgbm/MI_TW/mcc,0.284,,0.28350000000000003,MATCH_NEW,
main.tex,536,tab:relink lightgbm/MI_TW/f1,0.557,,0.5565000000000001,MATCH_NEW,
main.tex,536,tab:relink lightgbm/MI_TW/auc,0.691,,0.6910333333333334,MATCH_NEW,
main.tex,539,tab:relink random_forest/AEFS/nfeat,5.7,10.0,5.666666666666667,MATCH_NEW,
main.tex,539,tab:relink random_forest/AEFS/jac,0.778,0.6166666666666667,0.7778,MATCH_NEW,
main.tex,539,tab:relink random_forest/AEFS/mcc,0.26,0.3234666666666666,0.25966666666666666,MATCH_NEW,
main.tex,539,tab:relink random_forest/AEFS/f1,0.505,0.5528000000000001,0.505,MATCH_NEW,
main.tex,539,tab:relink random_forest/AEFS/auc,0.667,0.7278333333333333,0.6670666666666666,MATCH_NEW,
main.tex,540,tab:relink random_forest/Ablation_no2D/nfeat,5.7,10.666666666666666,5.666666666666667,MATCH_NEW,
main.tex,540,tab:relink random_forest/Ablation_no2D/mcc,0.26,0.3401666666666667,0.25966666666666666,MATCH_NEW,
main.tex,540,tab:relink random_forest/Ablation_no2D/f1,0.505,0.5627333333333334,0.505,MATCH_NEW,
main.tex,540,tab:relink random_forest/Ablation_no2D/auc,0.667,0.741,0.6670666666666666,MATCH_NEW,
main.tex,541,tab:relink random_forest/AllFeatures/nfeat,26.0,26.0,26.0,MATCH_BOTH,
main.tex,541,tab:relink random_forest/AllFeatures/mcc,0.331,0.3472,0.33113333333333334,MATCH_NEW,
main.tex,541,tab:relink random_forest/AllFeatures/f1,0.558,0.5452,0.5583,MATCH_NEW,
main.tex,541,tab:relink random_forest/AllFeatures/auc,0.756,0.7648,0.7561666666666667,MATCH_NEW,
main.tex,542,tab:relink random_forest/FilterMI/nfeat,5.7,10.0,5.666666666666667,MATCH_NEW,
main.tex,542,tab:relink random_forest/FilterMI/mcc,0.342,0.3503666666666667,0.34193333333333337,MATCH_NEW,
main.tex,542,tab:relink random_forest/FilterMI/f1,0.594,0.5658333333333334,0.5941666666666666,MATCH_NEW,
main.tex,542,tab:relink random_forest/FilterMI/auc,0.716,0.7367666666666667,0.7157333333333332,MATCH_NEW,
main.tex,543,tab:relink random_forest/WrapperRFE/nfeat,5.7,10.0,5.666666666666667,MATCH_NEW,
main.tex,543,tab:relink random_forest/WrapperRFE/mcc,0.286,0.29996666666666666,0.2863,MATCH_NEW,
main.tex,543,tab:relink random_forest/WrapperRFE/f1,0.519,0.5226000000000001,0.5194666666666666,MATCH_NEW,
main.tex,543,tab:relink random_forest/WrapperRFE/auc,0.731,0.7369666666666667,0.7306,MATCH_NEW,
main.tex,544,tab:relink random_forest/MI_DS/nfeat,5.7,,5.666666666666667,MATCH_NEW,
main.tex,544,tab:relink random_forest/MI_DS/mcc,0.389,,0.38880000000000003,MATCH_NEW,
main.tex,544,tab:relink random_forest/MI_DS/f1,0.624,,0.6238,MATCH_NEW,
main.tex,544,tab:relink random_forest/MI_DS/auc,0.75,,0.7496999999999999,MATCH_NEW,
main.tex,545,tab:relink random_forest/MI_TW/nfeat,5.7,,5.666666666666667,MATCH_NEW,
main.tex,545,tab:relink random_forest/MI_TW/mcc,0.358,,0.35793333333333327,MATCH_NEW,
main.tex,545,tab:relink random_forest/MI_TW/f1,0.604,,0.6036333333333334,MATCH_NEW,
main.tex,545,tab:relink random_forest/MI_TW/auc,0.717,,0.7170666666666667,MATCH_NEW,
main.tex,562,"prose n_features (AEFS, BorutaSHAP)",6.6,6.6,6.6,MATCH_BOTH,
main.tex,575,"prose MCC (AEFS, Ablation)",0.303,0.30193333333333333,0.30304000000000003,MATCH_NEW,
main.tex,676,prose reduction% range,75.0,61.5-89.2,75.0-89.2,MATCH_NEW,
main.tex,713,"prose MCC (AEFS, BorutaSHAP)",,,,OUT_OF_SCOPE,sensitivity/convergence/runtime or external number
main.tex,741,"prose MCC (AEFS, FilterMI, AllFeatures, WrapperRFE)",0.1,0.03535,0.101825,MATCH_NEW,
main.tex,756,prose MCC (any),,,,OUT_OF_SCOPE,sensitivity/convergence/runtime or external number
main.tex,762,prose MCC (any),,,,OUT_OF_SCOPE,sensitivity/convergence/runtime or external number
main.tex,802,prose MCC (any),,,,OUT_OF_SCOPE,sensitivity/convergence/runtime or external number
main.tex,824,prose MCC (any),,,,OUT_OF_SCOPE,sensitivity/convergence/runtime or external number
main.tex,834,"prose |dMCC| bound (AEFS, BorutaSHAP)",0.077,,0.077,MATCH_BOTH,
main.tex,834,prose reduction% range,75.0,61.5-89.2,75.0-89.2,MATCH_NEW,
main.tex,836,"prose MCC (AEFS, AllFeatures)",,,,OUT_OF_SCOPE,sensitivity/convergence/runtime or external number
main.tex,838,"prose MCC (AEFS, AllFeatures)",0.005,0.0029749999999999993,0.00485,MATCH_NEW,
main.tex,844,"prose |dMCC| bound (AEFS, BorutaSHAP)",0.077,,0.077,MATCH_BOTH,
main.tex,844,prose reduction% range,75.0,61.5-89.2,75.0-89.2,MATCH_NEW,
main.tex,850,"prose |dMCC| bound (AEFS, BorutaSHAP)",0.077,,0.03,MATCH_BOTH,
main.tex,850,prose reduction% range,75.0,61.5-89.2,75.0-89.2,MATCH_NEW,
