pool,target,method,model,seed,n_features,mean_jaccard,test_mcc,test_f1,test_auc_roc
nasa,pc3,AEFS,lightgbm,42,11,0.6,0.0679,0.1053,0.7158
nasa,pc3,AEFS,random_forest,42,11,0.6,0.1684,0.237,0.7602
nasa,pc3,AEFS,svm,42,11,0.6,0.2607,0.3645,0.7502
nasa,pc3,AEFS,lightgbm,7,7,0.5079,0.09,0.1341,0.6793
nasa,pc3,AEFS,random_forest,7,7,0.5079,0.0956,0.1616,0.7189
nasa,pc3,AEFS,svm,7,7,0.5079,0.233,0.3438,0.7245
nasa,pc3,AEFS,lightgbm,123,8,0.6429,0.125,0.1429,0.6394
nasa,pc3,AEFS,random_forest,123,8,0.6429,0.0698,0.1407,0.7036
nasa,pc3,AEFS,svm,123,8,0.6429,0.2366,0.3464,0.6963
nasa,pc3,AEFS,lightgbm,2024,5,0.7333,0.0956,0.1356,0.7043
nasa,pc3,AEFS,random_forest,2024,5,0.7333,0.0718,0.1471,0.7157
nasa,pc3,AEFS,svm,2024,5,0.7333,0.2874,0.3871,0.75
nasa,pc3,AEFS,lightgbm,555,9,0.6204,0.09,0.1341,0.6736
nasa,pc3,AEFS,random_forest,555,9,0.6204,0.1047,0.1649,0.7135
nasa,pc3,AEFS,svm,555,9,0.6204,0.2997,0.3895,0.7705
nasa,pc4,AEFS,lightgbm,42,6,0.7778,0.0224,0.0645,0.6787
nasa,pc4,AEFS,random_forest,42,6,0.7778,0.0474,0.0961,0.6574
nasa,pc4,AEFS,svm,42,6,0.7778,0.259,0.3702,0.7151
nasa,pc4,AEFS,lightgbm,7,8,0.5714,0.0416,0.0885,0.7071
nasa,pc4,AEFS,random_forest,7,8,0.5714,0.0689,0.1301,0.7211
nasa,pc4,AEFS,svm,7,8,0.5714,0.2,0.3265,0.6921
nasa,pc4,AEFS,lightgbm,123,7,0.7143,0.0042,0.0303,0.6463
nasa,pc4,AEFS,random_forest,123,7,0.7143,-0.0047,0.0206,0.7037
nasa,pc4,AEFS,svm,123,7,0.7143,0.1041,0.2128,0.6593
nasa,pc4,AEFS,lightgbm,2024,5,0.6,0.0463,0.1231,0.6779
nasa,pc4,AEFS,random_forest,2024,5,0.6,0.0874,0.1854,0.7864
nasa,pc4,AEFS,svm,2024,5,0.6,0.1407,0.2719,0.7018
nasa,pc4,AEFS,lightgbm,555,9,0.6204,0.0245,0.0786,0.6919
nasa,pc4,AEFS,random_forest,555,9,0.6204,0.0434,0.1221,0.7538
nasa,pc4,AEFS,svm,555,9,0.6204,0.1888,0.3164,0.6958
nasa,cm1,AEFS,lightgbm,42,9,0.6204,-0.017,0.1277,0.5419
nasa,cm1,AEFS,random_forest,42,9,0.6204,0.0089,0.1651,0.5864
nasa,cm1,AEFS,svm,42,9,0.6204,0.0158,0.2094,0.4859
nasa,cm1,AEFS,lightgbm,7,6,0.7778,0.0973,0.2439,0.5694
nasa,cm1,AEFS,random_forest,7,6,0.7778,-0.0078,0.1852,0.5642
nasa,cm1,AEFS,svm,7,6,0.7778,-0.0655,0.1803,0.4589
nasa,cm1,AEFS,lightgbm,123,6,0.6667,-0.1088,0.0594,0.447
nasa,cm1,AEFS,random_forest,123,6,0.6667,-0.0598,0.1186,0.49
nasa,cm1,AEFS,svm,123,6,0.6667,0.0519,0.2312,0.5419
nasa,cm1,AEFS,lightgbm,2024,8,0.6429,0.0058,0.1379,0.552
nasa,cm1,AEFS,random_forest,2024,8,0.6429,-0.0875,0.0784,0.5232
nasa,cm1,AEFS,svm,2024,8,0.6429,-0.0138,0.1915,0.5462
nasa,cm1,AEFS,lightgbm,555,6,0.6667,-0.0625,0.0723,0.5389
nasa,cm1,AEFS,random_forest,555,6,0.6667,-0.0749,0.0825,0.5332
nasa,cm1,AEFS,svm,555,6,0.6667,0.0373,0.2198,0.5226
nasa,mw1,AEFS,lightgbm,42,6,0.7778,-0.0539,0.0,0.5872
nasa,mw1,AEFS,random_forest,42,6,0.7778,-0.0664,0.0,0.6602
nasa,mw1,AEFS,svm,42,6,0.7778,0.0324,0.1622,0.5347
nasa,mw1,AEFS,lightgbm,7,6,0.7778,0.1137,0.069,0.7261
nasa,mw1,AEFS,random_forest,7,6,0.7778,0.0804,0.0667,0.6772
nasa,mw1,AEFS,svm,7,6,0.7778,0.0958,0.1739,0.6336
nasa,mw1,AEFS,lightgbm,123,9,0.6852,-0.0491,0.0,0.6249
nasa,mw1,AEFS,random_forest,123,9,0.6852,-0.0539,0.0,0.6501
nasa,mw1,AEFS,svm,123,9,0.6852,0.0822,0.2,0.5792
nasa,mw1,AEFS,lightgbm,2024,9,0.6204,0.0197,0.0588,0.6442
nasa,mw1,AEFS,random_forest,2024,9,0.6204,-0.0664,0.0,0.6751
nasa,mw1,AEFS,svm,2024,9,0.6204,0.1697,0.2766,0.6649
nasa,mw1,AEFS,lightgbm,555,8,0.6429,-0.0491,0.0,0.6819
nasa,mw1,AEFS,random_forest,555,8,0.6429,-0.0539,0.0,0.6759
nasa,mw1,AEFS,svm,555,8,0.6429,0.0517,0.1509,0.5362
