pool,target,rows,methods,models
aeeem,equinox,6,MI_DS|MI_TW,lightgbm|random_forest|svm
aeeem,jdt,6,MI_DS|MI_TW,lightgbm|random_forest|svm
aeeem,lucene,6,MI_DS|MI_TW,lightgbm|random_forest|svm
aeeem,mylyn,6,MI_DS|MI_TW,lightgbm|random_forest|svm
aeeem,pde,6,MI_DS|MI_TW,lightgbm|random_forest|svm
nasa,cm1,6,MI_DS|MI_TW,lightgbm|random_forest|svm
nasa,mw1,6,MI_DS|MI_TW,lightgbm|random_forest|svm
nasa,pc3,6,MI_DS|MI_TW,lightgbm|random_forest|svm
nasa,pc4,6,MI_DS|MI_TW,lightgbm|random_forest|svm
relink,apache,6,MI_DS|MI_TW,lightgbm|random_forest|svm
relink,safe,6,MI_DS|MI_TW,lightgbm|random_forest|svm
relink,zxing,6,MI_DS|MI_TW,lightgbm|random_forest|svm
tera,ant-1.3,4,MI_DS|MI_TW,lightgbm|random_forest
tera,ant-1.4,4,MI_DS|MI_TW,lightgbm|random_forest
tera,ant-1.5,4,MI_DS|MI_TW,lightgbm|random_forest
tera,ant-1.6,4,MI_DS|MI_TW,lightgbm|random_forest
tera,ant-1.7,4,MI_DS|MI_TW,lightgbm|random_forest
tera,arc,4,MI_DS|MI_TW,lightgbm|random_forest
tera,berek,4,MI_DS|MI_TW,lightgbm|random_forest
tera,camel-1.0,4,MI_DS|MI_TW,lightgbm|random_forest
tera,camel-1.2,4,MI_DS|MI_TW,lightgbm|random_forest
tera,camel-1.4,4,MI_DS|MI_TW,lightgbm|random_forest
tera,camel-1.6,4,MI_DS|MI_TW,lightgbm|random_forest
tera,e-learning,4,MI_DS|MI_TW,lightgbm|random_forest
tera,forrest-0.7,4,MI_DS|MI_TW,lightgbm|random_forest
tera,forrest-0.8,4,MI_DS|MI_TW,lightgbm|random_forest
tera,intercafe,4,MI_DS|MI_TW,lightgbm|random_forest
tera,ivy-1.1,4,MI_DS|MI_TW,lightgbm|random_forest
tera,ivy-1.4,4,MI_DS|MI_TW,lightgbm|random_forest
tera,ivy-2.0,4,MI_DS|MI_TW,lightgbm|random_forest
tera,jedit-3.2,4,MI_DS|MI_TW,lightgbm|random_forest
tera,jedit-4.0,4,MI_DS|MI_TW,lightgbm|random_forest
tera,jedit-4.1,4,MI_DS|MI_TW,lightgbm|random_forest
tera,jedit-4.2,4,MI_DS|MI_TW,lightgbm|random_forest
tera,jedit-4.3,4,MI_DS|MI_TW,lightgbm|random_forest
tera,kalkulator,4,MI_DS|MI_TW,lightgbm|random_forest
tera,log4j-1.0,4,MI_DS|MI_TW,lightgbm|random_forest
tera,log4j-1.1,4,MI_DS|MI_TW,lightgbm|random_forest
tera,log4j-1.2,4,MI_DS|MI_TW,lightgbm|random_forest
tera,lucene-2.0,4,MI_DS|MI_TW,lightgbm|random_forest
tera,lucene-2.2,4,MI_DS|MI_TW,lightgbm|random_forest
tera,lucene-2.4,4,MI_DS|MI_TW,lightgbm|random_forest
tera,nieruchomosci,4,MI_DS|MI_TW,lightgbm|random_forest
tera,pbeans1,4,MI_DS|MI_TW,lightgbm|random_forest
tera,pbeans2,4,MI_DS|MI_TW,lightgbm|random_forest
tera,pdftranslator,4,MI_DS|MI_TW,lightgbm|random_forest
tera,poi-1.5,4,MI_DS|MI_TW,lightgbm|random_forest
tera,poi-2.0,4,MI_DS|MI_TW,lightgbm|random_forest
tera,poi-2.5,4,MI_DS|MI_TW,lightgbm|random_forest
tera,poi-3.0,4,MI_DS|MI_TW,lightgbm|random_forest
tera,prop-1,4,MI_DS|MI_TW,lightgbm|random_forest
tera,prop-2,4,MI_DS|MI_TW,lightgbm|random_forest
tera,prop-3,4,MI_DS|MI_TW,lightgbm|random_forest
tera,prop-4,4,MI_DS|MI_TW,lightgbm|random_forest
tera,prop-5,4,MI_DS|MI_TW,lightgbm|random_forest
tera,prop-6,4,MI_DS|MI_TW,lightgbm|random_forest
tera,redaktor,4,MI_DS|MI_TW,lightgbm|random_forest
tera,serapion,4,MI_DS|MI_TW,lightgbm|random_forest
tera,skarbonka,4,MI_DS|MI_TW,lightgbm|random_forest
tera,sklebagd,4,MI_DS|MI_TW,lightgbm|random_forest
tera,synapse-1.0,4,MI_DS|MI_TW,lightgbm|random_forest
tera,synapse-1.1,4,MI_DS|MI_TW,lightgbm|random_forest
tera,synapse-1.2,4,MI_DS|MI_TW,lightgbm|random_forest
tera,systemdata,4,MI_DS|MI_TW,lightgbm|random_forest
tera,szybkafucha,4,MI_DS|MI_TW,lightgbm|random_forest
tera,termoproject,4,MI_DS|MI_TW,lightgbm|random_forest
tera,tomcat,4,MI_DS|MI_TW,lightgbm|random_forest
tera,velocity-1.4,4,MI_DS|MI_TW,lightgbm|random_forest
tera,velocity-1.5,4,MI_DS|MI_TW,lightgbm|random_forest
tera,velocity-1.6,4,MI_DS|MI_TW,lightgbm|random_forest
tera,workflow,4,MI_DS|MI_TW,lightgbm|random_forest
tera,xalan-2.4,4,MI_DS|MI_TW,lightgbm|random_forest
tera,xalan-2.5,4,MI_DS|MI_TW,lightgbm|random_forest
tera,xalan-2.6,4,MI_DS|MI_TW,lightgbm|random_forest
tera,xalan-2.7,4,MI_DS|MI_TW,lightgbm|random_forest
tera,xerces-1.2,4,MI_DS|MI_TW,lightgbm|random_forest
tera,xerces-1.3,4,MI_DS|MI_TW,lightgbm|random_forest
tera,xerces-1.4,4,MI_DS|MI_TW,lightgbm|random_forest
tera,xerces-init,4,MI_DS|MI_TW,lightgbm|random_forest
tera,zuzel,4,MI_DS|MI_TW,lightgbm|random_forest
