pool,target,method,model,n_features,mean_jaccard,test_mcc,test_f1,test_auc_roc
tera,arc,MI_DS,lightgbm,5,,0.285,0.3824,0.6793
tera,arc,MI_DS,random_forest,5,,0.1281,0.2619,0.6445
tera,arc,MI_TW,lightgbm,5,,0.2626,0.3636,0.6746
tera,arc,MI_TW,random_forest,5,,0.1285,0.2597,0.6333
tera,jedit-4.1,MI_DS,lightgbm,5,,0.4615,0.5833,0.8132
tera,jedit-4.1,MI_DS,random_forest,5,,0.3391,0.4932,0.8051
tera,jedit-4.1,MI_TW,lightgbm,5,,0.4905,0.6069,0.8297
tera,jedit-4.1,MI_TW,random_forest,5,,0.3522,0.5,0.828
tera,poi-2.0,MI_DS,lightgbm,5,,0.0207,0.2165,0.5243
tera,poi-2.0,MI_DS,random_forest,5,,0.0035,0.2155,0.487
tera,poi-2.0,MI_TW,lightgbm,5,,0.0207,0.2165,0.5447
tera,poi-2.0,MI_TW,random_forest,5,,0.041,0.2298,0.4714
tera,synapse-1.2,MI_DS,lightgbm,5,,0.2869,0.4065,0.6146
tera,synapse-1.2,MI_DS,random_forest,5,,0.1629,0.3609,0.6334
tera,synapse-1.2,MI_TW,lightgbm,5,,0.2129,0.3846,0.6346
tera,synapse-1.2,MI_TW,random_forest,5,,0.142,0.3281,0.6557
tera,xerces-1.4,MI_DS,lightgbm,5,,-0.0472,0.378,0.39
tera,xerces-1.4,MI_DS,random_forest,5,,0.1089,0.376,0.4762
tera,xerces-1.4,MI_TW,lightgbm,5,,0.1482,0.2825,0.5447
tera,xerces-1.4,MI_TW,random_forest,5,,0.1829,0.359,0.6052
