seed,target,n_features,mean_jaccard,mcc,f1,auc,pool
123,equinox,8,0.6528,0.2529,0.3515,0.668,aeeem
2024,equinox,5,1.0,0.2501,0.3333,0.6713,aeeem
42,equinox,7,0.875,0.3113,0.378,0.648,aeeem
555,equinox,5,1.0,0.2729,0.3457,0.6139,aeeem
7,equinox,5,0.8333,0.2478,0.3593,0.6436,aeeem
123,jdt,8,0.8333,0.4367,0.5648,0.8045,aeeem
2024,jdt,9,0.6646,0.3918,0.5139,0.7721,aeeem
42,jdt,9,0.7259,0.3729,0.4611,0.7755,aeeem
555,jdt,5,0.8333,0.3697,0.4682,0.7878,aeeem
7,jdt,6,0.7222,0.3336,0.4607,0.7428,aeeem
123,lucene,7,0.875,0.2617,0.2917,0.753,aeeem
2024,lucene,8,0.6944,0.2921,0.3158,0.7342,aeeem
42,lucene,5,0.8,0.3809,0.3871,0.7347,aeeem
555,lucene,7,0.6786,0.2509,0.2941,0.6596,aeeem
7,lucene,8,0.7917,0.2862,0.2338,0.7214,aeeem
123,mylyn,6,0.627,0.2276,0.2955,0.6998,aeeem
2024,mylyn,5,0.8333,0.2247,0.2873,0.7063,aeeem
42,mylyn,6,0.7222,0.2552,0.3183,0.7112,aeeem
555,mylyn,6,0.627,0.1816,0.2546,0.6841,aeeem
7,mylyn,5,0.8,0.1927,0.2548,0.6592,aeeem
123,pde,9,0.7185,0.2026,0.3263,0.6748,aeeem
2024,pde,7,0.7619,0.2082,0.3101,0.6562,aeeem
42,pde,6,0.7222,0.2169,0.3169,0.6413,aeeem
555,pde,8,0.7917,0.1649,0.2889,0.6446,aeeem
7,pde,7,0.7143,0.1965,0.2927,0.6781,aeeem
123,ant-1.3,5,0.7026,0.5104,0.5714,0.8329,tera
123,ivy-1.1,5,0.7237,0.1481,0.1714,0.6184,tera
123,nieruchomosci,5,0.8716,0.0685,0.1667,0.6125,tera
123,serapion,5,0.7552,0.3099,0.3333,0.7365,tera
123,xalan-2.5,5,0.7728,0.1414,0.2882,0.5916,tera
2024,ant-1.3,5,0.7507,0.29,0.3889,0.7833,tera
2024,ivy-1.1,5,0.7728,0.2412,0.2933,0.7089,tera
2024,nieruchomosci,5,0.7234,0.0,0.0,0.6812,tera
2024,serapion,5,0.7554,0.3016,0.4444,0.7206,tera
2024,xalan-2.5,5,0.7728,0.1154,0.2845,0.5877,tera
42,ant-1.3,5,0.778,0.3804,0.4737,0.7933,tera
42,ivy-1.1,5,0.7728,0.2246,0.2703,0.7227,tera
42,nieruchomosci,5,0.7543,0.2094,0.3077,0.7312,tera
42,serapion,5,0.7874,0.3099,0.3333,0.7714,tera
42,xalan-2.5,5,0.7728,0.1084,0.2772,0.5917,tera
555,ant-1.3,5,0.7625,0.3294,0.4118,0.7629,tera
555,ivy-1.1,5,0.7507,0.1819,0.2667,0.7381,tera
555,nieruchomosci,5,0.7543,0.0685,0.1667,0.7562,tera
555,serapion,5,0.7789,0.1598,0.1818,0.6667,tera
555,xalan-2.5,5,0.7288,0.0764,0.2664,0.6009,tera
7,ant-1.3,5,0.7789,0.3998,0.4865,0.8133,tera
7,ivy-1.1,5,0.8716,0.1668,0.1194,0.6059,tera
7,nieruchomosci,5,0.7769,0.0685,0.1667,0.7,tera
7,serapion,5,0.7324,0.0864,0.1667,0.6571,tera
7,xalan-2.5,5,0.7728,0.1084,0.2772,0.5904,tera
123,ant-1.4,5,0.7395,0.203,0.3385,0.5698,tera
123,ivy-1.4,5,0.7728,0.0679,0.129,0.5759,tera
123,pbeans1,5,0.7769,0.1581,0.1818,0.5417,tera
123,skarbonka,5,0.7769,0.092,0.25,0.75,tera
123,xalan-2.6,5,0.7728,0.2367,0.3727,0.6883,tera
2024,ant-1.4,5,0.7921,0.0682,0.2222,0.5421,tera
2024,ivy-1.4,5,0.8716,0.1003,0.1481,0.5523,tera
2024,pbeans1,5,0.7769,0.1581,0.1818,0.6167,tera
2024,skarbonka,5,0.7769,0.092,0.25,0.7531,tera
2024,xalan-2.6,5,0.7849,0.2884,0.4298,0.6847,tera
42,ant-1.4,5,0.8716,0.058,0.1786,0.5588,tera
42,ivy-1.4,5,0.7943,0.091,0.1429,0.6991,tera
42,pbeans1,5,0.7274,0.1095,0.0952,0.3333,tera
42,skarbonka,5,0.7769,0.1307,0.2667,0.7716,tera
42,xalan-2.6,5,0.7728,0.241,0.3736,0.6822,tera
555,ant-1.4,5,0.7728,0.1431,0.2985,0.5664,tera
555,ivy-1.4,5,0.7728,0.075,0.1333,0.5946,tera
555,pbeans1,5,0.7274,0.0,0.0,0.3333,tera
555,skarbonka,5,0.7769,0.092,0.25,0.75,tera
555,xalan-2.6,5,0.769,0.231,0.3775,0.6572,tera
7,ant-1.4,5,0.7395,0.1876,0.3175,0.5614,tera
7,ivy-1.4,5,0.7237,0.1003,0.1481,0.5912,tera
7,pbeans1,5,0.7903,0.1581,0.1818,0.4917,tera
7,skarbonka,5,0.7246,-0.1336,0.0,0.5957,tera
7,xalan-2.6,5,0.7789,0.2453,0.3744,0.6855,tera
123,ant-1.5,5,0.7237,0.2362,0.3103,0.5837,tera
123,ivy-2.0,5,0.7728,0.344,0.411,0.6785,tera
123,pbeans2,5,0.7728,0.2233,0.2857,0.761,tera
123,sklebagd,5,0.7769,0.2357,0.4706,0.875,tera
123,xalan-2.7,5,0.7507,0.0425,0.2509,0.8227,tera
2024,ant-1.5,5,0.7565,0.2822,0.3636,0.7355,tera
2024,ivy-2.0,5,0.7225,0.2486,0.2951,0.6565,tera
2024,pbeans2,5,0.7728,0.2233,0.2857,0.778,tera
2024,sklebagd,5,0.7706,0.3118,0.5556,0.8333,tera
2024,xalan-2.7,5,0.7728,0.0399,0.2276,0.8193,tera
42,ant-1.5,5,0.7277,0.0462,0.12,0.601,tera
42,ivy-2.0,5,0.7216,0.3206,0.3947,0.7184,tera
42,pbeans2,5,0.7728,0.3354,0.4,0.7341,tera
42,sklebagd,5,0.7842,0.3852,0.6316,0.8333,tera
42,xalan-2.7,5,0.7286,0.0427,0.253,0.8516,tera
555,ant-1.5,5,0.7565,0.314,0.3871,0.7227,tera
555,ivy-2.0,5,0.7286,0.3134,0.3896,0.7149,tera
555,pbeans2,5,0.7728,0.2233,0.2857,0.7561,tera
555,sklebagd,5,0.7438,0.3118,0.5556,0.8542,tera
555,xalan-2.7,5,0.7728,0.0399,0.2276,0.8333,tera
7,ant-1.5,5,0.7465,0.3326,0.4062,0.7404,tera
7,ivy-2.0,5,0.7789,0.3663,0.4324,0.6813,tera
7,pbeans2,5,0.771,0.3354,0.4,0.7098,tera
7,sklebagd,5,0.7438,0.2357,0.4706,0.8646,tera
7,xalan-2.7,5,0.7728,0.0401,0.2297,0.8306,tera
123,ant-1.6,5,0.7728,0.4042,0.493,0.7549,tera
123,jedit-3.2,5,0.7552,0.3462,0.4194,0.8267,tera
123,pdftranslator,5,0.7313,0.4629,0.5,0.8259,tera
123,synapse-1.0,5,0.7395,0.3684,0.4,0.7703,tera
123,xerces-1.2,5,0.7283,0.0317,0.1163,0.4599,tera
2024,ant-1.6,5,0.7791,0.3009,0.3971,0.74,tera
2024,jedit-3.2,5,0.778,0.3223,0.4127,0.8261,tera
2024,pdftranslator,5,0.7769,0.1936,0.125,0.8481,tera
2024,synapse-1.0,5,0.7728,0.2553,0.3077,0.7167,tera
2024,xerces-1.2,5,0.7151,0.034,0.219,0.5167,tera
42,ant-1.6,5,0.7728,0.3728,0.4604,0.7596,tera
42,jedit-3.2,5,0.778,0.4025,0.4724,0.821,tera
42,pdftranslator,5,0.7234,0.1936,0.125,0.8222,tera
42,synapse-1.0,5,0.7044,0.1689,0.2308,0.7391,tera
42,xerces-1.2,5,0.7145,0.0667,0.1235,0.6266,tera
555,ant-1.6,5,0.7209,0.2114,0.2564,0.6271,tera
555,jedit-3.2,5,0.7728,0.3699,0.4355,0.8434,tera
555,pdftranslator,5,0.7438,0.2782,0.2353,0.7815,tera
555,synapse-1.0,5,0.7395,0.2777,0.32,0.7831,tera
555,xerces-1.2,5,0.7304,0.1149,0.2105,0.665,tera
7,ant-1.6,5,0.7209,0.2668,0.314,0.628,tera
7,jedit-3.2,5,0.7588,0.3918,0.4603,0.8423,tera
7,pdftranslator,5,0.7769,0.1936,0.125,0.8185,tera
7,synapse-1.0,5,0.7588,0.2777,0.32,0.7105,tera
7,xerces-1.2,5,0.6973,0.1519,0.2667,0.5856,tera
123,ant-1.7,5,0.7588,0.316,0.4183,0.7571,tera
123,jedit-4.0,5,0.7426,0.4369,0.5397,0.7784,tera
123,poi-1.5,5,0.7728,0.2141,0.3953,0.6199,tera
123,synapse-1.1,5,0.7728,0.2073,0.2,0.6119,tera
123,xerces-1.3,5,0.7766,0.0335,0.1414,0.4339,tera
2024,ant-1.7,5,0.7398,0.3552,0.4552,0.769,tera
2024,jedit-4.0,5,0.7426,0.4423,0.5366,0.7725,tera
2024,poi-1.5,5,0.7789,0.1317,0.2963,0.6091,tera
2024,synapse-1.1,5,0.7728,0.158,0.1714,0.617,tera
2024,xerces-1.3,5,0.7024,0.0937,0.2182,0.5811,tera
42,ant-1.7,5,0.7245,0.2396,0.3465,0.7053,tera
42,jedit-4.0,5,0.7789,0.4043,0.512,0.7976,tera
42,poi-1.5,5,0.7798,0.08,0.1987,0.5697,tera
42,synapse-1.1,5,0.7728,0.1088,0.1429,0.6099,tera
42,xerces-1.3,5,0.7342,0.0349,0.1277,0.4926,tera
555,ant-1.7,5,0.7286,0.2249,0.2907,0.6974,tera
555,jedit-4.0,5,0.7773,0.4455,0.544,0.7922,tera
555,poi-1.5,5,0.7728,0.0427,0.3464,0.6011,tera
555,synapse-1.1,5,0.7728,0.2064,0.1765,0.6176,tera
555,xerces-1.3,5,0.7342,0.0236,0.125,0.505,tera
7,ant-1.7,5,0.7445,0.3539,0.4576,0.7727,tera
7,jedit-4.0,5,0.854,0.3754,0.4793,0.7711,tera
7,poi-1.5,5,0.7286,0.2064,0.386,0.6164,tera
7,synapse-1.1,5,0.7245,0.1464,0.1212,0.6209,tera
7,xerces-1.3,5,0.7216,0.0903,0.2261,0.5819,tera
123,arc,5,0.7728,0.2409,0.3265,0.6842,tera
123,jedit-4.1,5,0.7769,0.4895,0.5802,0.8328,tera
123,poi-2.0,5,0.7288,-0.0854,0.124,0.4705,tera
123,synapse-1.2,5,0.8716,0.1316,0.2364,0.701,tera
123,xerces-1.4,5,0.6905,-0.033,0.1256,0.5383,tera
2024,arc,5,0.7728,0.3104,0.383,0.6744,tera
2024,jedit-4.1,5,0.7769,0.4696,0.5649,0.8313,tera
2024,poi-2.0,5,0.7728,0.0105,0.189,0.5758,tera
2024,synapse-1.2,5,0.7728,0.2177,0.2778,0.7499,tera
2024,xerces-1.4,5,0.7719,-0.0373,0.16,0.5386,tera
42,arc,5,0.6899,0.1454,0.2273,0.6098,tera
42,jedit-4.1,5,0.8153,0.5257,0.5641,0.8296,tera
42,poi-2.0,5,0.7728,0.0273,0.2016,0.5709,tera
42,synapse-1.2,5,0.7237,0.1908,0.2857,0.6847,tera
42,xerces-1.4,5,0.7024,0.0799,0.1762,0.5622,tera
555,arc,5,0.7657,0.0939,0.1818,0.662,tera
555,jedit-4.1,5,0.7769,0.4667,0.5735,0.8242,tera
555,poi-2.0,5,0.771,0.0048,0.186,0.5498,tera
555,synapse-1.2,5,0.7225,0.2373,0.1875,0.6648,tera
555,xerces-1.4,5,0.7163,0.0519,0.2083,0.5248,tera
7,arc,5,0.7728,0.2562,0.3462,0.6744,tera
7,jedit-4.1,5,0.7364,0.5148,0.5806,0.7814,tera
7,poi-2.0,5,0.7728,0.0048,0.186,0.5831,tera
7,synapse-1.2,5,0.7728,0.2664,0.2857,0.7439,tera
7,xerces-1.4,5,0.7024,0.0216,0.1702,0.5548,tera
123,berek,5,0.7473,0.6211,0.6667,0.9375,tera
123,jedit-4.2,5,0.7997,0.4996,0.5686,0.8319,tera
123,poi-2.5,5,0.7728,0.029,0.2239,0.6302,tera
123,systemdata,5,0.7368,0.253,0.3529,0.7407,tera
123,xerces-init,5,0.7769,0.2971,0.4301,0.6276,tera
2024,berek,5,0.7849,0.5728,0.6087,0.956,tera
2024,jedit-4.2,5,0.8071,0.4379,0.5172,0.8444,tera
2024,poi-2.5,5,0.6906,0.0102,0.107,0.6326,tera
2024,systemdata,5,0.7708,0.253,0.3529,0.6276,tera
2024,xerces-init,5,0.7769,0.2771,0.4255,0.6179,tera
42,berek,5,0.778,0.6211,0.6667,0.963,tera
42,jedit-4.2,5,0.7789,0.4009,0.4865,0.8485,tera
42,poi-2.5,5,0.7728,0.0518,0.2129,0.6232,tera
42,systemdata,5,0.7328,0.1766,0.2667,0.7243,tera
42,xerces-init,5,0.8726,0.235,0.44,0.6227,tera
555,berek,5,0.7507,0.3122,0.4348,0.8241,tera
555,jedit-4.2,5,0.7552,0.4956,0.566,0.8665,tera
555,poi-2.5,5,0.7686,0.1685,0.3509,0.6562,tera
555,systemdata,5,0.8725,0.253,0.3529,0.6872,tera
555,xerces-init,5,0.7368,0.3325,0.4516,0.6105,tera
7,berek,5,0.6905,0.8082,0.8571,0.9653,tera
7,jedit-4.2,5,0.7825,0.4734,0.5472,0.8142,tera
7,poi-2.5,5,0.7728,0.029,0.2239,0.613,tera
7,systemdata,5,0.7209,0.0221,0.1333,0.6173,tera
7,xerces-init,5,0.7209,0.1522,0.225,0.6894,tera
123,camel-1.0,5,0.7728,0.0934,0.1333,0.5524,tera
123,jedit-4.3,5,0.7798,0.1456,0.102,0.8085,tera
123,poi-3.0,5,0.7728,0.2086,0.3141,0.706,tera
123,szybkafucha,5,0.8024,0.0,0.0,0.6331,tera
123,zuzel,5,0.7769,0.5815,0.75,0.9014,tera
2024,camel-1.0,5,0.8361,0.1382,0.1765,0.7362,tera
2024,jedit-4.3,5,0.7435,0.1661,0.119,0.8556,tera
2024,poi-3.0,5,0.7704,0.0991,0.2148,0.6246,tera
2024,szybkafucha,5,0.7769,0.0,0.0,0.5519,tera
2024,zuzel,5,0.7525,0.5097,0.72,0.9207,tera
42,camel-1.0,5,0.7024,0.0703,0.1143,0.6536,tera
42,jedit-4.3,5,0.7735,0.1783,0.1299,0.8137,tera
42,poi-3.0,5,0.7395,0.2014,0.3185,0.7337,tera
42,szybkafucha,5,0.7711,0.0,0.0,0.6526,tera
42,zuzel,5,0.7384,0.5296,0.6667,0.8822,tera
555,camel-1.0,5,0.7395,0.0833,0.125,0.6783,tera
555,jedit-4.3,5,0.7842,0.1568,0.1111,0.8498,tera
555,poi-3.0,5,0.7248,0.2586,0.434,0.7476,tera
555,szybkafucha,5,0.7438,0.0,0.0,0.7338,tera
555,zuzel,5,0.7769,0.5815,0.75,0.9111,tera
7,camel-1.0,5,0.7241,0.0628,0.1081,0.694,tera
7,jedit-4.3,5,0.7798,0.1469,0.1031,0.8162,tera
7,poi-3.0,5,0.7418,0.2022,0.3333,0.7009,tera
7,szybkafucha,5,0.7769,0.0,0.0,0.5325,tera
7,zuzel,5,0.7769,0.5097,0.72,0.9207,tera
123,camel-1.2,5,0.7245,0.0176,0.1285,0.5476,tera
123,kalkulator,5,0.7474,0.2786,0.4,0.5833,tera
123,prop-1,5,0.769,0.188,0.2918,0.64,tera
123,termoproject,5,0.7769,0.2266,0.3333,0.6841,tera
2024,camel-1.2,5,0.7728,0.0846,0.1746,0.5767,tera
2024,kalkulator,5,0.7529,-0.1048,0.0,0.5873,tera
2024,prop-1,5,0.7465,0.1956,0.3067,0.6376,tera
2024,termoproject,5,0.7769,0.2266,0.3333,0.6621,tera
42,camel-1.2,5,0.7728,0.1014,0.1953,0.5818,tera
42,kalkulator,5,0.7889,0.0,0.0,0.4365,tera
42,prop-1,5,0.7465,0.1967,0.3061,0.6373,tera
42,termoproject,5,0.765,0.2266,0.3333,0.6676,tera
555,camel-1.2,5,0.7426,0.0828,0.168,0.5429,tera
555,kalkulator,5,0.7719,-0.189,0.0,0.5079,tera
555,prop-1,5,0.7849,0.1858,0.315,0.6229,tera
555,termoproject,5,0.7769,0.2266,0.3333,0.6813,tera
7,camel-1.2,5,0.7408,0.1147,0.2031,0.5761,tera
7,kalkulator,5,0.7525,0.2786,0.4,0.6786,tera
7,prop-1,5,0.7275,0.1906,0.3016,0.6424,tera
7,termoproject,5,0.8716,0.232,0.1429,0.7761,tera
123,camel-1.4,5,0.7704,0.2697,0.3318,0.6573,tera
123,log4j-1.0,5,0.7728,0.2155,0.2979,0.7059,tera
123,prop-2,5,0.7368,0.1276,0.208,0.6869,tera
123,tomcat,5,0.8811,0.0515,0.1062,0.5724,tera
2024,camel-1.4,5,0.7664,0.2174,0.3176,0.6605,tera
2024,log4j-1.0,5,0.7728,0.2293,0.3265,0.6811,tera
2024,prop-2,5,0.6999,0.1393,0.2131,0.6674,tera
2024,tomcat,5,0.8071,0.3071,0.3791,0.7797,tera
42,camel-1.4,5,0.7664,0.2024,0.303,0.662,tera
42,log4j-1.0,5,0.7748,0.2293,0.3265,0.7407,tera
42,prop-2,5,0.7408,0.1774,0.2596,0.6302,tera
42,tomcat,5,0.7773,0.1128,0.1593,0.55,tera
555,camel-1.4,5,0.7728,0.1411,0.2222,0.6456,tera
555,log4j-1.0,5,0.759,0.1186,0.2174,0.672,tera
555,prop-2,5,0.7681,0.1562,0.2289,0.6398,tera
555,tomcat,5,0.6923,0.1705,0.2258,0.652,tera
7,camel-1.4,5,0.7588,0.1909,0.2667,0.6523,tera
7,log4j-1.0,5,0.7728,0.3152,0.4,0.6907,tera
7,prop-2,8,0.6718,0.1447,0.2162,0.6914,tera
7,tomcat,5,0.7789,0.1687,0.2516,0.7244,tera
123,camel-1.6,5,0.7849,0.102,0.1953,0.594,tera
123,log4j-1.1,5,0.7728,0.242,0.2979,0.7676,tera
123,prop-3,5,0.765,0.1022,0.2241,0.6155,tera
123,velocity-1.4,5,0.7728,0.0077,0.125,0.5672,tera
2024,camel-1.6,5,0.7728,0.169,0.239,0.6373,tera
2024,log4j-1.1,5,0.7728,0.242,0.2979,0.7676,tera
2024,prop-3,5,0.7205,0.0705,0.1713,0.6206,tera
2024,velocity-1.4,5,0.7728,-0.0059,0.1119,0.5334,tera
42,camel-1.6,5,0.7728,0.1363,0.2097,0.6459,tera
42,log4j-1.1,5,0.7424,0.1724,0.3333,0.7012,tera
42,prop-3,5,0.7225,0.0773,0.1917,0.599,tera
42,velocity-1.4,5,0.7657,-0.0153,0.137,0.484,tera
555,camel-1.6,5,0.8001,0.1647,0.2519,0.6325,tera
555,log4j-1.1,5,0.7507,0.3109,0.4561,0.6989,tera
555,prop-3,5,0.7728,0.0922,0.2146,0.6167,tera
555,velocity-1.4,5,0.7789,-0.0431,0.1111,0.5604,tera
7,camel-1.6,5,0.7585,0.1439,0.2317,0.6124,tera
7,log4j-1.1,5,0.7288,0.0464,0.0513,0.6295,tera
7,prop-3,5,0.7588,0.0968,0.2111,0.614,tera
7,velocity-1.4,5,0.7044,-0.0538,0.16,0.5388,tera
123,e-learning,5,0.8001,0.2779,0.2857,0.7692,tera
123,log4j-1.2,5,0.7286,0.0621,0.2593,0.528,tera
123,prop-4,5,0.7728,0.2271,0.3336,0.6459,tera
123,velocity-1.5,5,0.7769,0.0782,0.1622,0.6423,tera
2024,e-learning,5,0.7728,0.2779,0.2857,0.6462,tera
2024,log4j-1.2,5,0.7728,0.1064,0.2358,0.5053,tera
2024,prop-4,5,0.7728,0.2206,0.327,0.6491,tera
2024,velocity-1.5,5,0.765,0.067,0.1497,0.6654,tera
42,e-learning,5,0.7728,0.2046,0.25,0.65,tera
42,log4j-1.2,5,0.7898,0.0384,0.201,0.5219,tera
42,prop-4,5,0.8716,0.1754,0.2679,0.6133,tera
42,velocity-1.5,5,0.8071,0.0376,0.1486,0.6577,tera
555,e-learning,5,0.7728,0.2046,0.25,0.6385,tera
555,log4j-1.2,5,0.7436,0.099,0.2105,0.5228,tera
555,prop-4,5,0.7728,0.2308,0.3387,0.6464,tera
555,velocity-1.5,5,0.7286,0.01,0.1477,0.6099,tera
7,e-learning,5,0.7728,0.2046,0.25,0.6385,tera
7,log4j-1.2,5,0.769,0.1015,0.219,0.5012,tera
7,prop-4,5,0.7657,0.1781,0.2661,0.6127,tera
7,velocity-1.5,5,0.7722,0.025,0.1361,0.5569,tera
123,forrest-0.7,5,0.7277,0.0,0.0,0.7565,tera
123,lucene-2.0,5,0.7704,0.1331,0.2632,0.6399,tera
123,prop-5,5,0.7838,0.0629,0.1167,0.6055,tera
123,velocity-1.6,5,0.8716,0.2183,0.2247,0.6025,tera
2024,forrest-0.7,5,0.7867,0.0,0.0,0.8435,tera
2024,lucene-2.0,5,0.7728,0.2192,0.2593,0.7313,tera
2024,prop-5,5,0.7664,0.0762,0.1313,0.6043,tera
2024,velocity-1.6,5,0.7728,0.0834,0.1739,0.6562,tera
42,forrest-0.7,5,0.7769,0.0,0.0,0.8087,tera
42,lucene-2.0,5,0.7728,0.2848,0.3621,0.7203,tera
42,prop-5,5,0.7657,0.0884,0.1638,0.5894,tera
42,velocity-1.6,5,0.7728,0.157,0.2,0.6753,tera
555,forrest-0.7,5,0.7643,0.0,0.0,0.8174,tera
555,lucene-2.0,5,0.7728,0.2237,0.2883,0.7346,tera
555,prop-5,5,0.7567,0.0713,0.1484,0.5948,tera
555,velocity-1.6,5,0.7728,0.1382,0.1978,0.6519,tera
7,forrest-0.7,5,0.7769,0.0,0.0,0.8087,tera
7,lucene-2.0,5,0.6894,0.2192,0.2593,0.6818,tera
7,prop-5,5,0.772,0.0719,0.1319,0.6082,tera
7,velocity-1.6,5,0.7588,0.1382,0.1978,0.6542,tera
123,forrest-0.8,5,0.7438,-0.1011,0.0,0.6034,tera
123,lucene-2.2,5,0.7237,0.0306,0.24,0.5328,tera
123,prop-6,5,0.7789,0.2025,0.3235,0.6847,tera
123,workflow,5,0.7438,0.2663,0.3846,0.5847,tera
2024,forrest-0.8,5,0.7769,-0.0479,0.0,0.7931,tera
2024,lucene-2.2,5,0.6923,0.1249,0.1656,0.6062,tera
2024,prop-6,5,0.7789,0.1881,0.3111,0.6833,tera
2024,workflow,5,0.7769,0.2134,0.32,0.6625,tera
42,forrest-0.8,5,0.7525,-0.0479,0.0,0.6552,tera
42,lucene-2.2,5,0.7789,0.1164,0.2573,0.5905,tera
42,prop-6,5,0.8122,0.1826,0.2975,0.7088,tera
42,workflow,5,0.782,-0.1132,0.087,0.3944,tera
555,forrest-0.8,5,0.7525,-0.0479,0.0,0.6724,tera
555,lucene-2.2,5,0.8716,0.0719,0.2249,0.5433,tera
555,prop-6,5,0.7455,0.2099,0.3193,0.671,tera
555,workflow,5,0.7867,0.2134,0.32,0.6694,tera
7,forrest-0.8,5,0.7769,-0.0479,0.0,0.7759,tera
7,lucene-2.2,5,0.7507,0.1753,0.2907,0.5582,tera
7,prop-6,5,0.7789,0.1656,0.2901,0.6707,tera
7,workflow,5,0.7543,0.2663,0.3846,0.7264,tera
123,intercafe,5,0.7769,0.413,0.5,0.8152,tera
123,lucene-2.4,5,0.7769,0.1442,0.2393,0.6916,tera
123,redaktor,5,0.7435,-0.0318,0.093,0.4495,tera
123,xalan-2.4,5,0.7728,0.1673,0.3133,0.6657,tera
2024,intercafe,5,0.7026,0.2786,0.4,0.7717,tera
2024,lucene-2.4,6,0.79,0.1683,0.2689,0.675,tera
2024,redaktor,5,0.7769,-0.0369,0.1176,0.3609,tera
2024,xalan-2.4,5,0.7507,0.1708,0.3206,0.6879,tera
42,intercafe,5,0.7769,0.338,0.4444,0.8804,tera
42,lucene-2.4,5,0.7769,0.1371,0.2458,0.7144,tera
42,redaktor,5,0.7769,-0.0654,0.0833,0.3601,tera
42,xalan-2.4,5,0.7728,0.1272,0.2735,0.6609,tera
555,intercafe,5,0.7769,0.413,0.5,0.8478,tera
555,lucene-2.4,5,0.7769,0.1758,0.2627,0.6975,tera
555,redaktor,5,0.7212,-0.0269,0.0571,0.4894,tera
555,xalan-2.4,5,0.7507,0.1854,0.3265,0.6565,tera
7,intercafe,5,0.7234,0.2786,0.4,0.7337,tera
7,lucene-2.4,5,0.7507,0.1728,0.2893,0.6488,tera
7,redaktor,5,0.7722,-0.0391,0.0909,0.4252,tera
7,xalan-2.4,5,0.7038,0.2175,0.3525,0.6772,tera
