seed,target,n_features,mean_jaccard,mcc,f1,auc
123,camel-1.2,5,0.7245,0.0176,0.1285,0.5476
123,kalkulator,5,0.7474,0.2786,0.4,0.5833
123,prop-1,5,0.769,0.188,0.2918,0.64
123,termoproject,5,0.7769,0.2266,0.3333,0.6841
2024,camel-1.2,5,0.7728,0.0846,0.1746,0.5767
2024,kalkulator,5,0.7529,-0.1048,0.0,0.5873
2024,prop-1,5,0.7465,0.1956,0.3067,0.6376
2024,termoproject,5,0.7769,0.2266,0.3333,0.6621
42,camel-1.2,5,0.7728,0.1014,0.1953,0.5818
42,kalkulator,5,0.7889,0.0,0.0,0.4365
42,prop-1,5,0.7465,0.1967,0.3061,0.6373
42,termoproject,5,0.765,0.2266,0.3333,0.6676
555,camel-1.2,5,0.7426,0.0828,0.168,0.5429
555,kalkulator,5,0.7719,-0.189,0.0,0.5079
555,prop-1,5,0.7849,0.1858,0.315,0.6229
555,termoproject,5,0.7769,0.2266,0.3333,0.6813
7,camel-1.2,5,0.7408,0.1147,0.2031,0.5761
7,kalkulator,5,0.7525,0.2786,0.4,0.6786
7,prop-1,5,0.7275,0.1906,0.3016,0.6424
7,termoproject,5,0.8716,0.232,0.1429,0.7761
