target,shap_threshold,n_features,mcc,f1,auc
equinox,0.01,7,0.3113,0.378,0.648
equinox,0.02,7,0.3113,0.378,0.648
equinox,0.03,7,0.3113,0.378,0.648
equinox,0.05,5,0.2513,0.4,0.6478
jdt,0.01,9,0.4041,0.5056,0.7662
jdt,0.02,9,0.3729,0.4611,0.7755
jdt,0.03,8,0.4103,0.5124,0.7625
jdt,0.05,6,0.289,0.4079,0.7338
lucene,0.01,5,0.3809,0.3871,0.7347
lucene,0.02,5,0.3809,0.3871,0.7347
lucene,0.03,5,0.3809,0.3871,0.7347
lucene,0.05,5,0.3809,0.3871,0.7347
mylyn,0.01,6,0.2552,0.3183,0.7112
mylyn,0.02,6,0.2552,0.3183,0.7112
mylyn,0.03,6,0.2552,0.3183,0.7112
mylyn,0.05,6,0.2552,0.3183,0.7112
pde,0.01,7,0.184,0.2818,0.6503
pde,0.02,7,0.184,0.2818,0.6503
pde,0.03,7,0.2078,0.2969,0.6485
pde,0.05,7,0.2078,0.2969,0.6485
