target,stability_threshold,n_features,mean_jaccard,mcc,f1,auc
ant-1.3,0.2,5,0.8636,0.4634,0.5405,0.7862
ant-1.3,0.3,5,0.8636,0.4634,0.5405,0.7862
ant-1.3,0.4,5,0.8636,0.4634,0.5405,0.7862
ant-1.3,0.5,5,0.8636,0.4634,0.5405,0.7862
ant-1.4,0.2,5,0.7288,0.0325,0.12,0.5334
ant-1.4,0.3,5,0.7288,0.0325,0.12,0.5334
ant-1.4,0.4,5,0.7288,0.0325,0.12,0.5334
ant-1.4,0.5,5,0.7288,0.0325,0.12,0.5334
ant-1.5,0.2,5,0.7862,0.2612,0.3478,0.7094
ant-1.5,0.3,5,0.7862,0.2612,0.3478,0.7094
ant-1.5,0.4,5,0.7862,0.2612,0.3478,0.7094
ant-1.5,0.5,5,0.7862,0.2612,0.3478,0.7094
ant-1.6,0.2,5,0.7728,0.3428,0.4348,0.7608
ant-1.6,0.3,5,0.7728,0.3428,0.4348,0.7608
ant-1.6,0.4,5,0.7728,0.3428,0.4348,0.7608
ant-1.6,0.5,5,0.7728,0.3428,0.4348,0.7608
ant-1.7,0.2,5,0.7728,0.3412,0.4394,0.7663
ant-1.7,0.3,5,0.7728,0.3412,0.4394,0.7663
ant-1.7,0.4,5,0.7728,0.3412,0.4394,0.7663
ant-1.7,0.5,5,0.7728,0.3412,0.4394,0.7663
arc,0.2,5,0.7728,0.2762,0.36,0.6909
arc,0.3,5,0.7728,0.2762,0.36,0.6909
arc,0.4,5,0.7728,0.2762,0.36,0.6909
arc,0.5,5,0.7728,0.2762,0.36,0.6909
berek,0.2,5,0.7588,0.6211,0.6667,0.9537
berek,0.3,5,0.7588,0.6211,0.6667,0.9537
berek,0.4,5,0.7588,0.6211,0.6667,0.9537
berek,0.5,5,0.7588,0.6211,0.6667,0.9537
camel-1.0,0.2,5,0.7695,0.0934,0.1333,0.5086
camel-1.0,0.3,5,0.7695,0.0934,0.1333,0.5086
camel-1.0,0.4,5,0.7695,0.0934,0.1333,0.5086
camel-1.0,0.5,5,0.7695,0.0934,0.1333,0.5086
camel-1.2,0.2,5,0.7728,0.0923,0.1818,0.5741
camel-1.2,0.3,5,0.7728,0.0923,0.1818,0.5741
camel-1.2,0.4,5,0.7728,0.0923,0.1818,0.5741
camel-1.2,0.5,5,0.7728,0.0923,0.1818,0.5741
camel-1.4,0.2,5,0.7809,0.1539,0.2477,0.6319
camel-1.4,0.3,5,0.7809,0.1539,0.2477,0.6319
camel-1.4,0.4,5,0.7809,0.1539,0.2477,0.6319
camel-1.4,0.5,5,0.7809,0.1539,0.2477,0.6319
camel-1.6,0.2,5,0.7728,0.1406,0.216,0.6393
camel-1.6,0.3,5,0.7728,0.1406,0.216,0.6393
camel-1.6,0.4,5,0.7728,0.1406,0.216,0.6393
camel-1.6,0.5,5,0.7728,0.1406,0.216,0.6393
e-learning,0.2,5,0.7408,0.0532,0.1538,0.6808
e-learning,0.3,5,0.7408,0.0532,0.1538,0.6808
e-learning,0.4,5,0.7408,0.0532,0.1538,0.6808
e-learning,0.5,5,0.7408,0.0532,0.1538,0.6808
forrest-0.7,0.2,5,0.7769,0.0,0.0,0.8087
forrest-0.7,0.3,5,0.7769,0.0,0.0,0.8087
forrest-0.7,0.4,5,0.7769,0.0,0.0,0.8087
forrest-0.7,0.5,5,0.7769,0.0,0.0,0.8087
forrest-0.8,0.2,5,0.7525,-0.0479,0.0,0.6379
forrest-0.8,0.3,5,0.7525,-0.0479,0.0,0.6379
forrest-0.8,0.4,5,0.7525,-0.0479,0.0,0.6379
forrest-0.8,0.5,5,0.7525,-0.0479,0.0,0.6379
intercafe,0.2,5,0.733,0.338,0.4444,0.8804
intercafe,0.3,5,0.733,0.338,0.4444,0.8804
intercafe,0.4,5,0.733,0.338,0.4444,0.8804
intercafe,0.5,5,0.733,0.338,0.4444,0.8804
ivy-1.1,0.2,5,0.7728,0.1615,0.2857,0.7291
ivy-1.1,0.3,5,0.7728,0.1615,0.2857,0.7291
ivy-1.1,0.4,5,0.7728,0.1615,0.2857,0.7291
ivy-1.1,0.5,5,0.7728,0.1615,0.2857,0.7291
ivy-1.4,0.2,5,0.7507,0.075,0.1333,0.7517
ivy-1.4,0.3,5,0.7507,0.075,0.1333,0.7517
ivy-1.4,0.4,5,0.7507,0.075,0.1333,0.7517
ivy-1.4,0.5,5,0.7507,0.075,0.1333,0.7517
ivy-2.0,0.2,5,0.7304,0.2771,0.2692,0.656
ivy-2.0,0.3,5,0.7304,0.2771,0.2692,0.656
ivy-2.0,0.4,5,0.7304,0.2771,0.2692,0.656
ivy-2.0,0.5,5,0.7304,0.2771,0.2692,0.656
jedit-3.2,0.2,5,0.8091,0.2082,0.2906,0.7806
jedit-3.2,0.3,5,0.8091,0.2082,0.2906,0.7806
jedit-3.2,0.4,5,0.8091,0.2082,0.2906,0.7806
jedit-3.2,0.5,5,0.8091,0.2082,0.2906,0.7806
jedit-4.0,0.2,5,0.7789,0.4123,0.5271,0.7983
jedit-4.0,0.3,5,0.7789,0.4123,0.5271,0.7983
jedit-4.0,0.4,5,0.7789,0.4123,0.5271,0.7983
jedit-4.0,0.5,5,0.7789,0.4123,0.5271,0.7983
jedit-4.1,0.2,5,0.7435,0.4856,0.5669,0.8067
jedit-4.1,0.3,5,0.7435,0.4856,0.5669,0.8067
jedit-4.1,0.4,5,0.7435,0.4856,0.5669,0.8067
jedit-4.1,0.5,5,0.7435,0.4856,0.5669,0.8067
jedit-4.2,0.2,5,0.7789,0.3754,0.4655,0.8462
jedit-4.2,0.3,5,0.7789,0.3754,0.4655,0.8462
jedit-4.2,0.4,5,0.7789,0.3754,0.4655,0.8462
jedit-4.2,0.5,5,0.7789,0.3754,0.4655,0.8462
jedit-4.3,0.2,5,0.771,0.1482,0.1042,0.8165
jedit-4.3,0.3,5,0.771,0.1482,0.1042,0.8165
jedit-4.3,0.4,5,0.771,0.1482,0.1042,0.8165
jedit-4.3,0.5,5,0.771,0.1482,0.1042,0.8165
kalkulator,0.2,5,0.7769,0.0,0.0,0.6944
kalkulator,0.3,5,0.7769,0.0,0.0,0.6944
kalkulator,0.4,5,0.7769,0.0,0.0,0.6944
kalkulator,0.5,5,0.7769,0.0,0.0,0.6944
log4j-1.0,0.2,5,0.769,0.1365,0.3279,0.6265
log4j-1.0,0.3,5,0.769,0.1365,0.3279,0.6265
log4j-1.0,0.4,5,0.769,0.1365,0.3279,0.6265
log4j-1.0,0.5,5,0.769,0.1365,0.3279,0.6265
log4j-1.1,0.2,5,0.6915,0.3183,0.3111,0.7849
log4j-1.1,0.3,5,0.6915,0.3183,0.3111,0.7849
log4j-1.1,0.4,5,0.6915,0.3183,0.3111,0.7849
log4j-1.1,0.5,5,0.6915,0.3183,0.3111,0.7849
log4j-1.2,0.2,5,0.6973,0.0223,0.1659,0.534
log4j-1.2,0.3,5,0.6973,0.0223,0.1659,0.534
log4j-1.2,0.4,5,0.6973,0.0223,0.1659,0.534
log4j-1.2,0.5,5,0.6973,0.0223,0.1659,0.534
lucene-2.0,0.2,5,0.7728,0.2699,0.3214,0.7379
lucene-2.0,0.3,5,0.7728,0.2699,0.3214,0.7379
lucene-2.0,0.4,5,0.7728,0.2699,0.3214,0.7379
lucene-2.0,0.5,5,0.7728,0.2699,0.3214,0.7379
lucene-2.2,0.2,5,0.7245,0.2135,0.2754,0.5406
lucene-2.2,0.3,5,0.7245,0.2135,0.2754,0.5406
lucene-2.2,0.4,5,0.7245,0.2135,0.2754,0.5406
lucene-2.2,0.5,5,0.7245,0.2135,0.2754,0.5406
lucene-2.4,0.2,5,0.7769,0.1494,0.2605,0.708
lucene-2.4,0.3,5,0.7769,0.1494,0.2605,0.708
lucene-2.4,0.4,5,0.7769,0.1494,0.2605,0.708
lucene-2.4,0.5,5,0.7769,0.1494,0.2605,0.708
nieruchomosci,0.2,5,0.7769,0.2094,0.3077,0.65
nieruchomosci,0.3,5,0.7769,0.2094,0.3077,0.65
nieruchomosci,0.4,5,0.7769,0.2094,0.3077,0.65
nieruchomosci,0.5,5,0.7769,0.2094,0.3077,0.65
pbeans1,0.2,5,0.7274,0.1095,0.0952,0.3417
pbeans1,0.3,5,0.7274,0.1095,0.0952,0.3417
pbeans1,0.4,5,0.7274,0.1095,0.0952,0.3417
pbeans1,0.5,5,0.7274,0.1095,0.0952,0.3417
pbeans2,0.2,5,0.7728,0.2233,0.2857,0.7488
pbeans2,0.3,5,0.7728,0.2233,0.2857,0.7488
pbeans2,0.4,5,0.7728,0.2233,0.2857,0.7488
pbeans2,0.5,5,0.7728,0.2233,0.2857,0.7488
pdftranslator,0.2,5,0.7234,0.1936,0.125,0.8296
pdftranslator,0.3,5,0.7234,0.1936,0.125,0.8296
pdftranslator,0.4,5,0.7234,0.1936,0.125,0.8296
pdftranslator,0.5,5,0.7234,0.1936,0.125,0.8296
poi-1.5,0.2,5,0.7728,0.0427,0.3464,0.6055
poi-1.5,0.3,5,0.7728,0.0427,0.3464,0.6055
poi-1.5,0.4,5,0.7728,0.0427,0.3464,0.6055
poi-1.5,0.5,5,0.7728,0.0427,0.3464,0.6055
poi-2.0,0.2,5,0.7728,0.0105,0.189,0.5883
poi-2.0,0.3,5,0.7728,0.0105,0.189,0.5883
poi-2.0,0.4,5,0.7728,0.0105,0.189,0.5883
poi-2.0,0.5,5,0.7728,0.0105,0.189,0.5883
poi-2.5,0.2,5,0.7288,0.0596,0.1382,0.6743
poi-2.5,0.3,5,0.7288,0.0596,0.1382,0.6743
poi-2.5,0.4,5,0.7288,0.0596,0.1382,0.6743
poi-2.5,0.5,5,0.7288,0.0596,0.1382,0.6743
poi-3.0,0.2,5,0.7024,0.2231,0.3867,0.7259
poi-3.0,0.3,5,0.7024,0.2231,0.3867,0.7259
poi-3.0,0.4,5,0.7024,0.2231,0.3867,0.7259
poi-3.0,0.5,5,0.7024,0.2231,0.3867,0.7259
prop-1,0.2,5,0.7825,0.1855,0.3137,0.6247
prop-1,0.3,5,0.7825,0.1855,0.3137,0.6247
prop-1,0.4,5,0.7825,0.1855,0.3137,0.6247
prop-1,0.5,5,0.7825,0.1855,0.3137,0.6247
prop-2,0.2,5,0.7657,0.156,0.2199,0.6681
prop-2,0.3,5,0.7657,0.156,0.2199,0.6681
prop-2,0.4,5,0.7657,0.156,0.2199,0.6681
prop-2,0.5,5,0.7657,0.156,0.2199,0.6681
prop-3,0.2,5,0.7704,0.0814,0.1946,0.6361
prop-3,0.3,5,0.7704,0.0814,0.1946,0.6361
prop-3,0.4,5,0.7704,0.0814,0.1946,0.6361
prop-3,0.5,5,0.7704,0.0814,0.1946,0.6361
prop-4,0.2,5,0.7024,0.2097,0.3251,0.6539
prop-4,0.3,5,0.7024,0.2097,0.3251,0.6539
prop-4,0.4,5,0.7024,0.2097,0.3251,0.6539
prop-4,0.5,5,0.7024,0.2097,0.3251,0.6539
prop-5,0.2,5,0.7657,0.0927,0.1776,0.5935
prop-5,0.3,5,0.7657,0.0927,0.1776,0.5935
prop-5,0.4,5,0.7657,0.0927,0.1776,0.5935
prop-5,0.5,5,0.7657,0.0927,0.1776,0.5935
prop-6,0.2,5,0.7326,0.1646,0.25,0.6951
prop-6,0.3,5,0.7326,0.1646,0.25,0.6951
prop-6,0.4,5,0.7326,0.1646,0.25,0.6951
prop-6,0.5,5,0.7326,0.1646,0.25,0.6951
redaktor,0.2,5,0.7769,-0.0715,0.0816,0.3641
redaktor,0.3,5,0.7769,-0.0715,0.0816,0.3641
redaktor,0.4,5,0.7769,-0.0715,0.0816,0.3641
redaktor,0.5,5,0.7769,-0.0715,0.0816,0.3641
serapion,0.2,5,0.7342,0.0864,0.1667,0.5905
serapion,0.3,5,0.7342,0.0864,0.1667,0.5905
serapion,0.4,5,0.7342,0.0864,0.1667,0.5905
serapion,0.5,5,0.7342,0.0864,0.1667,0.5905
skarbonka,0.2,5,0.7769,0.1307,0.2667,0.7747
skarbonka,0.3,5,0.7769,0.1307,0.2667,0.7747
skarbonka,0.4,5,0.7769,0.1307,0.2667,0.7747
skarbonka,0.5,5,0.7769,0.1307,0.2667,0.7747
sklebagd,0.2,5,0.7261,0.343,0.4,0.7396
sklebagd,0.3,5,0.7261,0.343,0.4,0.7396
sklebagd,0.4,5,0.7261,0.343,0.4,0.7396
sklebagd,0.5,5,0.7261,0.343,0.4,0.7396
synapse-1.0,0.2,5,0.7044,0.1869,0.24,0.7459
synapse-1.0,0.3,5,0.7044,0.1869,0.24,0.7459
synapse-1.0,0.4,5,0.7044,0.1869,0.24,0.7459
synapse-1.0,0.5,5,0.7044,0.1869,0.24,0.7459
synapse-1.1,0.2,5,0.7728,0.1288,0.1449,0.6043
synapse-1.1,0.3,5,0.7728,0.1288,0.1449,0.6043
synapse-1.1,0.4,5,0.7728,0.1288,0.1449,0.6043
synapse-1.1,0.5,5,0.7728,0.1288,0.1449,0.6043
synapse-1.2,0.2,5,0.7395,0.2805,0.3019,0.7431
synapse-1.2,0.3,5,0.7395,0.2805,0.3019,0.7431
synapse-1.2,0.4,5,0.7395,0.2805,0.3019,0.7431
synapse-1.2,0.5,5,0.7395,0.2805,0.3019,0.7431
systemdata,0.2,5,0.765,0.253,0.3529,0.7016
systemdata,0.3,5,0.765,0.253,0.3529,0.7016
systemdata,0.4,5,0.765,0.253,0.3529,0.7016
systemdata,0.5,5,0.765,0.253,0.3529,0.7016
szybkafucha,0.2,5,0.7769,0.0,0.0,0.5584
szybkafucha,0.3,5,0.7769,0.0,0.0,0.5584
szybkafucha,0.4,5,0.7769,0.0,0.0,0.5584
szybkafucha,0.5,5,0.7769,0.0,0.0,0.5584
termoproject,0.2,5,0.765,0.3111,0.4211,0.6841
termoproject,0.3,5,0.765,0.3111,0.4211,0.6841
termoproject,0.4,5,0.765,0.3111,0.4211,0.6841
termoproject,0.5,5,0.765,0.3111,0.4211,0.6841
tomcat,0.2,5,0.7773,0.1099,0.1481,0.5911
tomcat,0.3,5,0.7773,0.1099,0.1481,0.5911
tomcat,0.4,5,0.7773,0.1099,0.1481,0.592
tomcat,0.5,5,0.7773,0.1099,0.1481,0.592
velocity-1.4,0.2,5,0.7728,-0.0287,0.1241,0.5472
velocity-1.4,0.3,5,0.7728,-0.0287,0.1241,0.5472
velocity-1.4,0.4,5,0.7728,-0.0287,0.1241,0.5472
velocity-1.4,0.5,5,0.7728,-0.0287,0.1241,0.5472
velocity-1.5,0.2,5,0.7769,0.055,0.137,0.6604
velocity-1.5,0.3,5,0.7769,0.055,0.137,0.6604
velocity-1.5,0.4,5,0.7769,0.055,0.137,0.6604
velocity-1.5,0.5,5,0.7769,0.055,0.137,0.6604
velocity-1.6,0.2,5,0.7728,0.157,0.2,0.6737
velocity-1.6,0.3,5,0.7728,0.157,0.2,0.6737
velocity-1.6,0.4,5,0.7728,0.157,0.2,0.6737
velocity-1.6,0.5,5,0.7728,0.157,0.2,0.6737
workflow,0.2,5,0.7384,0.2777,0.2609,0.75
workflow,0.3,5,0.7384,0.2777,0.2609,0.75
workflow,0.4,5,0.7384,0.2777,0.2609,0.75
workflow,0.5,5,0.7384,0.2777,0.2609,0.75
xalan-2.4,0.2,5,0.7717,0.1948,0.336,0.6541
xalan-2.4,0.3,5,0.7717,0.1948,0.336,0.6541
xalan-2.4,0.4,5,0.7717,0.1948,0.336,0.6541
xalan-2.4,0.5,5,0.7717,0.1948,0.336,0.6541
xalan-2.5,0.2,5,0.7728,0.1154,0.2845,0.5903
xalan-2.5,0.3,5,0.7728,0.1154,0.2845,0.5903
xalan-2.5,0.4,5,0.7728,0.1154,0.2845,0.5903
xalan-2.5,0.5,5,0.7728,0.1154,0.2845,0.5903
xalan-2.6,0.2,5,0.7726,0.1784,0.349,0.643
xalan-2.6,0.3,5,0.7726,0.1784,0.349,0.643
xalan-2.6,0.4,5,0.7726,0.1784,0.349,0.643
xalan-2.6,0.5,5,0.7726,0.1784,0.349,0.643
xalan-2.7,0.2,5,0.7704,0.0396,0.2255,0.7074
xalan-2.7,0.3,5,0.7704,0.0396,0.2255,0.7074
xalan-2.7,0.4,5,0.7704,0.0396,0.2255,0.7074
xalan-2.7,0.5,5,0.7704,0.0396,0.2255,0.7074
xerces-1.2,0.2,5,0.6899,0.1689,0.283,0.578
xerces-1.2,0.3,5,0.6899,0.1689,0.283,0.578
xerces-1.2,0.4,5,0.6899,0.1689,0.283,0.578
xerces-1.2,0.5,5,0.6899,0.1689,0.283,0.578
xerces-1.3,0.2,5,0.7024,0.0739,0.2105,0.5616
xerces-1.3,0.3,5,0.7024,0.0739,0.2105,0.5616
xerces-1.3,0.4,5,0.7024,0.0739,0.2105,0.5616
xerces-1.3,0.5,5,0.7024,0.0739,0.2105,0.5616
xerces-1.4,0.2,5,0.7096,0.0339,0.1359,0.5269
xerces-1.4,0.3,5,0.7096,0.0339,0.1359,0.5269
xerces-1.4,0.4,5,0.7096,0.0339,0.1359,0.5269
xerces-1.4,0.5,5,0.7096,0.0339,0.1359,0.5269
xerces-init,0.2,5,0.7024,0.2788,0.3678,0.6146
xerces-init,0.3,5,0.7024,0.2788,0.3678,0.6146
xerces-init,0.4,5,0.7024,0.2788,0.3678,0.6146
xerces-init,0.5,5,0.7024,0.2788,0.3678,0.6146
zuzel,0.2,6,0.7888,0.5131,0.6957,0.8486
zuzel,0.3,6,0.7888,0.5131,0.6957,0.8486
zuzel,0.4,6,0.7888,0.5131,0.6957,0.8486
zuzel,0.5,5,0.7888,0.5296,0.6667,0.8341
