target,original,after_rup,after_sfs,after_shap,after_stability
ant-1.3,20,17,5,5,5
ant-1.4,20,17,5,5,5
ant-1.5,20,17,5,5,5
ant-1.6,20,17,5,5,5
ant-1.7,20,17,5,5,5
arc,20,17,5,5,5
berek,20,17,5,5,5
camel-1.0,20,17,5,5,5
camel-1.2,20,17,5,5,5
camel-1.4,20,17,5,5,5
camel-1.6,20,17,5,5,5
e-learning,20,17,5,5,5
forrest-0.7,20,17,5,5,5
forrest-0.8,20,17,5,5,5
intercafe,20,17,5,5,5
ivy-1.1,20,17,5,5,5
ivy-1.4,20,17,5,5,5
ivy-2.0,20,17,5,5,5
jedit-3.2,20,17,5,5,5
jedit-4.0,20,17,5,5,5
jedit-4.1,20,17,5,5,5
jedit-4.2,20,17,5,5,5
jedit-4.3,20,17,5,5,5
kalkulator,20,17,5,5,5
log4j-1.0,20,17,5,5,5
log4j-1.1,20,17,5,5,5
log4j-1.2,20,18,5,5,5
lucene-2.0,20,17,5,5,5
lucene-2.2,20,17,5,5,5
lucene-2.4,20,17,5,5,5
nieruchomosci,20,17,5,5,5
pbeans1,20,17,5,5,5
pbeans2,20,17,5,5,5
pdftranslator,20,17,5,5,5
poi-1.5,20,17,5,5,5
poi-2.0,20,17,5,5,5
poi-2.5,20,17,5,5,5
poi-3.0,20,17,5,5,5
prop-1,20,17,5,5,5
prop-2,20,18,5,5,5
prop-3,20,17,5,5,5
prop-4,20,18,5,5,5
prop-5,20,18,5,5,5
prop-6,20,17,5,5,5
redaktor,20,17,5,5,5
serapion,20,17,5,5,5
skarbonka,20,17,5,5,5
sklebagd,20,17,5,5,5
synapse-1.0,20,17,5,5,5
synapse-1.1,20,17,5,5,5
synapse-1.2,20,17,5,5,5
systemdata,20,17,5,5,5
szybkafucha,20,17,5,5,5
termoproject,20,17,5,5,5
tomcat,20,17,5,5,5
velocity-1.4,20,17,5,5,5
velocity-1.5,20,17,5,5,5
velocity-1.6,20,17,5,5,5
workflow,20,17,5,5,5
xalan-2.4,20,17,5,5,5
xalan-2.5,20,17,5,5,5
xalan-2.6,20,17,5,5,5
xalan-2.7,20,17,5,5,5
xerces-1.2,20,16,5,5,5
xerces-1.3,20,16,5,5,5
xerces-1.4,20,16,5,5,5
xerces-init,20,17,5,5,5
zuzel,20,17,6,6,6
