pool,target,method,model,n_features_legacy,mean_jaccard_legacy,test_mcc_legacy,test_f1_legacy,test_auc_roc_legacy,n_features_new,mean_jaccard_new,test_mcc_new,test_f1_new,test_auc_roc_new,d_mcc,d_auc,d_f1,d_nfeat,d_jaccard
relink,apache,AEFS,lightgbm,12,0.5,0.3673,0.713,0.6941,6,0.6667,0.1757,0.5833,0.6243,-0.19160000000000002,-0.06980000000000008,-0.12969999999999993,-6,0.16669999999999996
relink,apache,AEFS,random_forest,12,0.5,0.3928,0.7122,0.7398,6,0.6667,0.2267,0.6193,0.6429,-0.16609999999999997,-0.09689999999999999,-0.0929000000000001,-6,0.16669999999999996
relink,apache,Ablation_no2D,lightgbm,12,,0.3673,0.713,0.6941,6,,0.1757,0.5833,0.6243,-0.19160000000000002,-0.06980000000000008,-0.12969999999999993,-6,
relink,apache,Ablation_no2D,random_forest,12,,0.3928,0.7122,0.7398,6,,0.2267,0.6193,0.6429,-0.16609999999999997,-0.09689999999999999,-0.0929000000000001,-6,
relink,apache,AllFeatures,lightgbm,26,,0.361,0.6804,0.7119,26,,0.2899,0.6349,0.6923,-0.0711,-0.01959999999999995,-0.045499999999999985,0,
relink,apache,AllFeatures,random_forest,26,,0.465,0.7451,0.7784,26,,0.471,0.757,0.7681,0.00599999999999995,-0.010299999999999976,0.011900000000000022,0,
relink,apache,FilterMI,lightgbm,12,,0.4164,0.7299,0.7134,6,,0.4561,0.7545,0.7537,0.03970000000000001,0.0403,0.024599999999999955,-6,
relink,apache,FilterMI,random_forest,12,,0.4066,0.7264,0.7716,6,,0.4371,0.7477,0.7691,0.03049999999999997,-0.0024999999999999467,0.021299999999999986,-6,
relink,apache,WrapperRFE,lightgbm,12,,0.2805,0.6237,0.6945,6,,0.3264,0.7074,0.6606,0.045899999999999996,-0.03390000000000004,0.0837,-6,
relink,apache,WrapperRFE,random_forest,12,,0.3944,0.7177,0.762,6,,0.3824,0.724,0.7456,-0.011999999999999955,-0.01639999999999997,0.006299999999999972,-6,
relink,safe,AEFS,lightgbm,10,0.6,0.4644,0.6111,0.8075,6,0.6667,0.4237,0.5714,0.7012,-0.04069999999999996,-0.10629999999999995,-0.03969999999999996,-4,0.06669999999999998
relink,safe,AEFS,random_forest,10,0.6,0.4644,0.6111,0.8008,6,0.6667,0.4232,0.6154,0.7226,-0.04119999999999996,-0.07819999999999994,0.0042999999999999705,-4,0.06669999999999998
relink,safe,Ablation_no2D,lightgbm,11,,0.471,0.5882,0.8516,6,,0.4237,0.5714,0.7012,-0.04729999999999995,-0.15039999999999998,-0.016799999999999926,-5,
relink,safe,Ablation_no2D,random_forest,11,,0.5103,0.6286,0.8436,6,,0.4232,0.6154,0.7226,-0.08709999999999996,-0.121,-0.0132000000000001,-5,
relink,safe,AllFeatures,lightgbm,26,,0.4232,0.6154,0.8262,26,,0.5027,0.6667,0.8048,0.07950000000000002,-0.021400000000000086,0.05130000000000001,0,
relink,safe,AllFeatures,random_forest,26,,0.471,0.5882,0.8616,26,,0.3816,0.5789,0.8496,-0.08939999999999998,-0.01200000000000001,-0.009299999999999975,0,
relink,safe,FilterMI,lightgbm,10,,0.2505,0.4571,0.7353,6,,0.2293,0.5,0.6885,-0.021199999999999997,-0.04679999999999995,0.042899999999999994,-4,
relink,safe,FilterMI,random_forest,10,,0.5103,0.6286,0.7914,6,,0.3859,0.6,0.7306,-0.12439999999999996,-0.060799999999999965,-0.02860000000000007,-4,
relink,safe,WrapperRFE,lightgbm,10,,0.2955,0.5,0.7687,6,,0.3076,0.55,0.7406,0.0121,-0.028100000000000014,0.050000000000000044,-4,
relink,safe,WrapperRFE,random_forest,10,,0.38,0.5556,0.7941,6,,0.38,0.5556,0.7975,0.0,0.0033999999999999586,0.0,-4,
relink,zxing,AEFS,lightgbm,8,0.75,0.0741,0.3265,0.5955,5,1.0,0.0834,0.3191,0.6098,0.009300000000000003,0.01429999999999998,-0.007400000000000018,-3,0.25
relink,zxing,AEFS,random_forest,8,0.75,0.1132,0.3351,0.6429,5,1.0,0.1291,0.2803,0.6357,0.015899999999999997,-0.007199999999999984,-0.054800000000000015,-3,0.25
relink,zxing,Ablation_no2D,lightgbm,9,,0.0595,0.3109,0.5989,5,,0.0834,0.3191,0.6098,0.023900000000000005,0.01090000000000002,0.008199999999999985,-4,
relink,zxing,Ablation_no2D,random_forest,9,,0.1174,0.3474,0.6396,5,,0.1291,0.2803,0.6357,0.011699999999999988,-0.0038999999999999035,-0.06709999999999999,-4,
relink,zxing,AllFeatures,lightgbm,26,,0.1477,0.4,0.6482,26,,0.1206,0.381,0.6404,-0.0271,-0.007800000000000029,-0.019000000000000017,0,
relink,zxing,AllFeatures,random_forest,26,,0.1056,0.3023,0.6544,26,,0.1408,0.339,0.6508,0.03520000000000001,-0.0035999999999999366,0.03670000000000001,0,
relink,zxing,FilterMI,lightgbm,8,,0.2098,0.43,0.6445,5,,0.1727,0.402,0.6442,-0.037099999999999994,-0.00029999999999996696,-0.02799999999999997,-3,
relink,zxing,FilterMI,random_forest,8,,0.1342,0.3425,0.6473,5,,0.2028,0.4348,0.6475,0.0686,0.00019999999999997797,0.0923,-3,
relink,zxing,WrapperRFE,lightgbm,8,,0.0786,0.2938,0.6034,5,,0.0421,0.2629,0.6282,-0.036500000000000005,0.024799999999999933,-0.030899999999999983,-3,
relink,zxing,WrapperRFE,random_forest,8,,0.1255,0.2945,0.6548,5,,0.0965,0.2788,0.6487,-0.028999999999999998,-0.006099999999999994,-0.015699999999999992,-3,
